neighborhood,month_start,make,model,stolen_count
Alameda,2026-01-01,Hyundai,Hyundai Elantra,1
Alameda,2026-01-01,Kia Motors Corp,Kia Motors Corp Sportage,1
Alameda,2026-03-01,Ford,Ford Econoline E350,1
Alameda,2026-04-01,Honda,"Honda Accord, Accord Crosstour",1
Arbor Lodge,2026-01-01,Honda,"Honda Civic, CRX, Del Sol",1
Arbor Lodge,2026-01-01,Ford,Ford Ranger,1
Arbor Lodge,2026-01-01,Ford,Ford Explorer,1
Arbor Lodge,2026-01-01,Subaru,Subaru Forester,1
Arbor Lodge,2026-01-01,Kia Motors Corp,Kia Motors Corp Optima,1
Arbor Lodge,2026-01-01,Kia Motors Corp,Kia Motors Corp Soul,1
Arbor Lodge,2026-02-01,GMC,GMC Sierra,1
Arbor Lodge,2026-02-01,Kia Motors Corp,Kia Motors Corp Sportage,1
Arbor Lodge,2026-02-01,Toyota,Toyota Tacoma,1
Arbor Lodge,2026-02-01,Harley Davidson,Harley Davidson Motorcycle,1
Arbor Lodge,2026-02-01,Volkswagen,Volkswagen Golf,1
Arbor Lodge,2026-03-01,Honda,"Honda Civic, CRX, Del Sol",1
Arbor Lodge,2026-03-01,Tesla Motors,Tesla Motors Model 3,1
Arbor Lodge,2026-03-01,Ford,Ford Explorer,1
Arbor Lodge,2026-04-01,Toyota,Toyota Truck,1
Arbor Lodge,2026-04-01,Honda,"Honda Civic, CRX, Del Sol",1
Argay,2026-01-01,Honda,Honda CRV,1
Argay,2026-01-01,Kawasaki,Kawasaki Motorcycle,1
Argay,2026-01-01,Polaris,Polaris Snowmobile-Wheels only,1
Argay,2026-02-01,Dodge,Dodge Charger,1
Argay,2026-02-01,Ford,Ford Explorer,1
Argay,2026-02-01,Ford,Ford Econoline E350,1
Argay,2026-02-01,Nissan,Nissan KICKS,1
Argay,2026-03-01,GMC,GMC Terrain,1
Argay,2026-03-01,Kia Motors Corp,"Kia Motors Corp Forte, Forte Koup",1
Argay,2026-03-01,Hyundai,Hyundai Sonata,1
Argay,2026-03-01,Jeep,Jeep Cherokee,1
Argay,2026-03-01,Toyota,"Toyota Corolla, Corolla IM",1
Argay,2026-03-01,Ford,Ford Fusion,1
Argay,2026-04-01,Kia Motors Corp,Kia Motors Corp Sorrento,1
Ashcreek,2026-01-01,Jeep,Jeep Grand Cherokee,1
Ashcreek,2026-04-01,Subaru,"Subaru Impreza, Impreza Outback",1
Beaumont-Wilshire,2026-04-01,Subaru,Subaru Forester,1
Beaumont-Wilshire,2026-04-01,Kia Motors Corp,Kia Motors Corp Sportage,1
Boise,2026-01-01,Kia Motors Corp,Kia Motors Corp Optima,1
Boise,2026-01-01,Honda,Honda CRV,1
Boise,2026-01-01,Hyundai,Hyundai Elantra,1
Boise,2026-02-01,Honda,Honda Element,1
Boise,2026-02-01,Mercedes-Benz,Mercedes-Benz CLK350,1
Boise,2026-02-01,Toyota,Toyota RAV4,1
Boise,2026-02-01,Honda,"Honda Accord, Accord Crosstour",1
Boise,2026-03-01,Hyundai,Hyundai Tucson,1
Boise,2026-03-01,Nissan,"Nissan Rogue, Rogue Select, Rogue Sport",1
Boise,2026-03-01,Jeep,Jeep Cherokee,1
Boise,2026-04-01,Hyundai,Hyundai Elantra,1
Brentwood-Darlington,2026-01-01,Kawasaki,Kawasaki Motorcycle,2
Brentwood-Darlington,2026-01-01,Cadillac,Cadillac STS,1
Brentwood-Darlington,2026-01-01,Honda,Honda Motorcycle,1
Brentwood-Darlington,2026-01-01,Ford,Ford F150,1
Brentwood-Darlington,2026-01-01,Chevrolet,Chevrolet Sonic,1
Brentwood-Darlington,2026-01-01,Chevrolet,Chevrolet C/K 2500,1
Brentwood-Darlington,2026-01-01,Toyota,Toyota Solara,1
Brentwood-Darlington,2026-03-01,Subaru,Subaru Forester,1
Brentwood-Darlington,2026-03-01,Hyundai,Hyundai Elantra,1
Brentwood-Darlington,2026-03-01,Honda,Honda CRV,1
Brentwood-Darlington,2026-03-01,Ford,Ford F250,1
Bridgeton,2026-01-01,Hyundai,Hyundai Tucson,1
Bridgeton,2026-01-01,Chevrolet,Chevrolet Uplander,1
Bridgeton,2026-01-01,Subaru,"Subaru Legacy, Legacy Outback",1
Bridgeton,2026-02-01,Dodge,Dodge Ram 1500,1
Bridgeton,2026-02-01,Ford,Ford Econoline E350,1
Bridgeton,2026-03-01,Harley Davidson,Harley Davidson Motorcycle,1
Bridgeton,2026-03-01,Toyota,"Toyota Corolla, Corolla IM",1
Bridgeton,2026-03-01,Chevrolet,Chevrolet GMT,1
Bridgeton,2026-04-01,Yamaha,Yamaha Motorcycle,1
Bridlemile,2026-03-01,Honda,Honda Pilot,1
Bridlemile,2026-03-01,Honda,"Honda Accord, Accord Crosstour",1
Bridlemile,2026-03-01,Subaru,Subaru Outback,1
Brooklyn,2026-01-01,Hyundai,Hyundai Elantra,1
Brooklyn,2026-01-01,Honda,Honda CRV,1
Brooklyn,2026-01-01,Honda,Honda Motorcycle,1
Brooklyn,2026-01-01,Chevrolet,Chevrolet Nova,1
Brooklyn,2026-01-01,BMW,BMW 228 Series,1
Brooklyn,2026-01-01,Toyota,Toyota RAV4,1
Brooklyn,2026-01-01,Kia Motors Corp,Kia Motors Corp Soul,1
Brooklyn,2026-02-01,Honda,Honda CRV,1
Brooklyn,2026-02-01,Nissan,Nissan Truck,1
Brooklyn,2026-03-01,Kia Motors Corp,Kia Motors Corp Sportage,2
Brooklyn,2026-03-01,Acura,Acura Integra,1
Brooklyn,2026-03-01,Subaru,"Subaru Legacy, Legacy Outback",1
Brooklyn,2026-03-01,Honda,"Honda Civic, CRX, Del Sol",1
Brooklyn,2026-03-01,Nissan,Nissan Truck,1
Brooklyn,2026-03-01,Subaru,Subaru Forester,1
Brooklyn,2026-03-01,Nissan,Nissan D21,1
Brooklyn,2026-04-01,Subaru,"Subaru Impreza, Impreza Outback",1
Brooklyn,2026-04-01,Subaru,"Subaru Legacy, Legacy Outback",1
Brooklyn,2026-04-01,Lexus,Lexus GX470,1
Brooklyn,2026-04-01,Toyota,Toyota RAV4,1
Brooklyn,2026-04-01,Hyundai,Hyundai Sonata,1
Buckman East,2026-01-01,Subaru,Subaru Forester,1
Buckman East,2026-01-01,Toyota,Toyota 4-Runner,1
Buckman East,2026-02-01,Dodge,Dodge Challenger,1
Buckman East,2026-02-01,Kia Motors Corp,Kia Motors Corp Sportage,1
Buckman East,2026-02-01,Hyundai,Hyundai Elantra,1
Buckman East,2026-02-01,Toyota,"Toyota Corolla, Corolla IM",1
Buckman East,2026-02-01,Toyota,Toyota Prius,1
Buckman East,2026-02-01,Honda,"Honda Accord, Accord Crosstour",1
Buckman East,2026-03-01,Hyundai,Hyundai Elantra,7
Buckman East,2026-03-01,Hyundai,Hyundai Sonata,1
Buckman East,2026-03-01,Honda,Honda CRV,1
Buckman East,2026-03-01,Honda,"Honda Civic, CRX, Del Sol",1
Buckman East,2026-03-01,Chevrolet,Chevrolet C/K 1500,1
Buckman East,2026-03-01,Dodge,Dodge Charger,1
Buckman East,2026-03-01,Chevrolet,Chevrolet S10,1
Buckman East,2026-03-01,Hyundai,Hyundai Tucson,1
Buckman East,2026-03-01,Jeep,Jeep Cherokee,1
Buckman East,2026-03-01,Mini Division of BMW,Mini Division of BMW Cooper/Cooper-S,1
Buckman East,2026-03-01,Unknown,Unknown,1
Buckman East,2026-04-01,Subaru,"Subaru Legacy, Legacy Outback",1
Buckman East,2026-04-01,Volvo,Volvo 240 Series,1
Buckman East,2026-04-01,Subaru,Subaru Forester,1
Buckman East,2026-04-01,Jiangsu Baodiao Locomotive Co Ltd (MC's),Jiangsu Baodiao Locomotive Co Ltd,1
Buckman East,2026-04-01,Hyundai,Hyundai Elantra,1
Buckman East,2026-04-01,Nissan,Nissan Altima,1
Buckman West,2026-01-01,Nissan,Nissan XTerra,1
Buckman West,2026-01-01,Ford,Ford F250,1
Buckman West,2026-01-01,Toyota,Toyota Prius,1
Buckman West,2026-02-01,GMC,GMC Savana,2
Buckman West,2026-02-01,Toyota,Toyota Corolla Cross,1
Buckman West,2026-02-01,Subaru,Subaru Forester,1
Buckman West,2026-03-01,Kia Motors Corp,Kia Motors Corp Rio,1
Buckman West,2026-03-01,"RAM Truck (Model year 2013 and newer) , Chrysler Group",RAM Truck,1
Buckman West,2026-04-01,Toyota,Toyota Camry,1
Buckman West,2026-04-01,Honda,"Honda Civic, CRX, Del Sol",1
Buckman West,2026-04-01,Toyota,Toyota Tacoma,1
Buckman West,2026-04-01,Honda,Honda CRV,1
Buckman West,2026-04-01,Subaru,"Subaru Impreza, Impreza Outback",1
Buckman West,2026-04-01,Ford,Ford Ranger,1
Buckman West,2026-04-01,Subaru,"Subaru Legacy, Legacy Outback",1
Cathedral Park,2026-01-01,Subaru,"Subaru Legacy, Legacy Outback",1
Cathedral Park,2026-02-01,Dodge,Dodge Ram 1500,1
Cathedral Park,2026-03-01,Ford,Ford F250,1
Cathedral Park,2026-03-01,Chevrolet,Chevrolet Suburban,1
Cathedral Park,2026-04-01,Chevrolet,"Chevrolet Camaro, Berlinetta",1
Cathedral Park,2026-04-01,Kia Motors Corp,Kia Motors Corp Sedona,1
Centennial,2026-01-01,Honda,"Honda Civic, CRX, Del Sol",1
Centennial,2026-01-01,Chevrolet,Chevrolet Silverado,1
Centennial,2026-01-01,Toyota,Toyota Prius,1
Centennial,2026-01-01,Nissan,Nissan Truck,1
Centennial,2026-01-01,Toyota,Toyota Tacoma,1
Centennial,2026-02-01,Nissan,Nissan Armada,1
Centennial,2026-02-01,Honda,"Honda Civic, CRX, Del Sol",1
Centennial,2026-03-01,Chevrolet,Chevrolet Silverado,2
Centennial,2026-03-01,Toyota,"Toyota Corolla, Corolla IM",2
Centennial,2026-03-01,Jeep,Jeep Grand Cherokee,1
Centennial,2026-03-01,Chevrolet,Chevrolet Impala,1
Centennial,2026-03-01,Chevrolet,Chevrolet Venture,1
Centennial,2026-03-01,Toyota,Toyota Camry,1
Centennial,2026-03-01,Subaru,"Subaru Legacy, Legacy Outback",1
Centennial,2026-03-01,Chevrolet,Chevrolet Trax,1
Centennial,2026-04-01,Chrysler,Chrysler 200,1
Centennial,2026-04-01,Toyota,"Toyota Corolla, Corolla IM",1
Centennial,2026-04-01,Honda,"Honda Accord, Accord Crosstour",1
Concordia,2026-01-01,Hyundai,Hyundai Elantra,2
Concordia,2026-01-01,Hyundai,Hyundai Kona,1
Concordia,2026-01-01,Kia Motors Corp,Kia Motors Corp Sportage,1
Concordia,2026-01-01,Honda,Honda Odyssey,1
Concordia,2026-01-01,Suzuki,Suzuki Esteem,1
Concordia,2026-01-01,Dodge,Dodge Ram 1500,1
Concordia,2026-01-01,Chevrolet,Chevrolet Silverado,1
Concordia,2026-01-01,Infiniti,Infiniti QX60,1
Concordia,2026-01-01,Hyundai,Hyundai Sonata,1
Concordia,2026-02-01,Ford,Ford Expedition,1
Concordia,2026-02-01,Hyundai,Hyundai Accent,1
Concordia,2026-02-01,Kia Motors Corp,Kia Motors Corp Niro,1
Concordia,2026-02-01,Volkswagen,"Volkswagen Beetle, Super Beetle, Bug",1
Concordia,2026-02-01,Honda,"Honda Accord, Accord Crosstour",1
Concordia,2026-02-01,Hyundai,Hyundai Elantra,1
Concordia,2026-04-01,Unknown,Unknown,3
Concordia,2026-04-01,Hyundai,Hyundai Elantra,2
Concordia,2026-04-01,Subaru,Subaru Truck,1
Concordia,2026-04-01,Hyundai,Hyundai Accent,1
Concordia,2026-04-01,Unknown,Land Energy Inc Motorcycle,1
Concordia,2026-04-01,Honda,Honda CRV,1
Concordia,2026-04-01,Subaru,Subaru Forester,1
Concordia,2026-04-01,Ford,Ford Ranger,1
Concordia,2026-04-01,Hyundai,Hyundai Tucson,1
Concordia,2026-04-01,Subaru,Subaru Outback,1
Concordia,2026-04-01,Kia Motors Corp,Kia Motors Corp Sportage,1
Creston-Kenilworth,2026-01-01,Subaru,"Subaru Legacy, Legacy Outback",1
Creston-Kenilworth,2026-01-01,Ford,Ford Econoline E250,1
Creston-Kenilworth,2026-01-01,Yamaha,Yamaha Motorcycle,1
Creston-Kenilworth,2026-01-01,Kia Motors Corp,"Kia Motors Corp Forte, Forte Koup",1
Creston-Kenilworth,2026-01-01,Chevrolet,Chevrolet Silverado,1
Creston-Kenilworth,2026-02-01,Subaru,"Subaru Impreza, Impreza Outback",1
Creston-Kenilworth,2026-02-01,Subaru,"Subaru Legacy, Legacy Outback",1
Creston-Kenilworth,2026-02-01,Mercedes-Benz,Mercedes-Benz ML320,1
Creston-Kenilworth,2026-03-01,Hyundai,Hyundai Elantra,2
Creston-Kenilworth,2026-03-01,Honda,Honda Motorcycle,1
Creston-Kenilworth,2026-03-01,Kia Motors Corp,Kia Motors Corp Soul,1
Creston-Kenilworth,2026-03-01,Chrysler,Chrysler LeBaron,1
Creston-Kenilworth,2026-03-01,Hyundai,Hyundai Sonata,1
Creston-Kenilworth,2026-03-01,Kia Motors Corp,Kia Motors Corp Optima,1
Creston-Kenilworth,2026-03-01,Hyundai,Hyundai Tucson,1
Creston-Kenilworth,2026-03-01,Kia Motors Corp,Kia Motors Corp Sportage,1
Creston-Kenilworth,2026-03-01,Toyota,Toyota Prius,1
Creston-Kenilworth,2026-04-01,Honda,Honda CRV,1
Creston-Kenilworth,2026-04-01,Nissan,Unknown Nissan Model,1
Creston-Kenilworth,2026-04-01,Chinook,Chinook Truck,1
Creston-Kenilworth,2026-04-01,Subaru,"Subaru Legacy, Legacy Outback",1
Creston-Kenilworth,2026-04-01,Volkswagen,Volkswagen Jetta,1
Creston-Kenilworth,2026-04-01,Subaru,Subaru Outback,1
Creston-Kenilworth,2026-04-01,Chevrolet,Chevrolet Malibu,1
Creston-Kenilworth,2026-04-01,Nissan,Nissan Murano,1
Crestwood,2026-04-01,Toyota,Toyota RAV4,1
Cully,2026-01-01,Ford,Ford F150,1
Cully,2026-01-01,Kia Motors Corp,Kia Motors Corp Optima,1
Cully,2026-01-01,Genuine Scooters LLC mfgd by Motive Power Industry Co LTD,Genuine Scooters LLC mfgd by Motive Power Industry Co LTD Motorcycle,1
Cully,2026-01-01,Honda,Honda CRV,1
Cully,2026-01-01,"RAM Truck (Model year 2013 and newer) , Chrysler Group",RAM Truck,1
Cully,2026-01-01,Toyota,Toyota Tacoma,1
Cully,2026-01-01,Kia Motors Corp,Kia Motors Corp Soul,1
Cully,2026-01-01,Toyota,Toyota Tercel,1
Cully,2026-02-01,Ford,Ford Explorer,1
Cully,2026-02-01,Hyundai,Hyundai Elantra,1
Cully,2026-02-01,Kia Motors Corp,Kia Motors Corp Sportage,1
Cully,2026-02-01,Kia Motors Corp,Kia Motors Corp Rio,1
Cully,2026-02-01,Chevrolet,Chevrolet Suburban,1
Cully,2026-03-01,Kia Motors Corp,Kia Motors Corp Sportage,2
Cully,2026-03-01,Toyota,"Toyota Corolla, Corolla IM",2
Cully,2026-03-01,Subaru,"Subaru Impreza, Impreza Outback",1
Cully,2026-03-01,Dodge,Dodge Charger,1
Cully,2026-03-01,Kia Motors Corp,"Kia Motors Corp Forte, Forte Koup",1
Cully,2026-03-01,Mitsubishi,Mitsubishi Endeavor,1
Cully,2026-04-01,Kia Motors Corp,Kia Motors Corp Sportage,3
Cully,2026-04-01,Hyundai,Hyundai Accent,2
Cully,2026-04-01,Mercedes-Benz,Mercedes-Benz SL500,1
Cully,2026-04-01,Dodge,Dodge Intrepid,1
Cully,2026-04-01,Honda,Honda CRV,1
Downtown,2026-01-01,Ford,Ford Explorer,1
Downtown,2026-01-01,Honda,Honda FIT,1
Downtown,2026-01-01,Honda,Honda CRV,1
Downtown,2026-01-01,Ford,Ford F150,1
Downtown,2026-01-01,Chevrolet,Chevrolet Colorado,1
Downtown,2026-01-01,Honda,"Honda Accord, Accord Crosstour",1
Downtown,2026-02-01,Honda,"Honda Civic, CRX, Del Sol",2
Downtown,2026-02-01,Kia Motors Corp,Kia Motors Corp Sorrento,1
Downtown,2026-02-01,Ford,Ford Escape,1
Downtown,2026-02-01,Honda,Honda CRV,1
Downtown,2026-02-01,Ford,Ford Ecosport,1
Downtown,2026-02-01,Toyota,Toyota RAV4,1
Downtown,2026-02-01,Hyundai,Hyundai Sonata,1
Downtown,2026-02-01,Dodge,Dodge Dart,1
Downtown,2026-02-01,Nissan,Nissan Sentra,1
Downtown,2026-02-01,Chevrolet,Chevrolet Malibu,1
Downtown,2026-03-01,Toyota,Toyota Camry,1
Downtown,2026-03-01,Kia Motors Corp,Kia Motors Corp Sportage,1
Downtown,2026-03-01,Kia Motors Corp,Kia Motors Corp Soul,1
Downtown,2026-03-01,Nissan,Nissan Altima,1
Downtown,2026-04-01,Mazda,Mazda CX3,1
Downtown,2026-04-01,Scion,Scion iA,1
Downtown,2026-04-01,Subaru,Subaru Ascent,1
Downtown,2026-04-01,Audi,Audi Q7,1
Downtown,2026-04-01,Toyota,"Toyota Corolla, Corolla IM",1
East Columbia,2026-01-01,Subaru,"Subaru WRX, WRX STI",1
East Columbia,2026-01-01,Subaru,"Subaru Legacy, Legacy Outback",1
East Columbia,2026-01-01,Hyundai,Hyundai Sonata,1
East Columbia,2026-02-01,Ford,Ford Econoline E350,1
East Columbia,2026-03-01,Hyundai,Hyundai Santa Fe,1
East Columbia,2026-03-01,Honda,"Honda Civic, CRX, Del Sol",1
Eastmoreland,2026-04-01,Ford,Ford F350,1
Eastmoreland,2026-04-01,Subaru,"Subaru Impreza, Impreza Outback",1
Eliot,2026-01-01,Ford,Ford Windstar,1
Eliot,2026-01-01,Chevrolet,Chevrolet Colorado,1
Eliot,2026-02-01,Hyundai,Hyundai Sonata,2
Eliot,2026-02-01,Kia Motors Corp,Kia Motors Corp Sportage,1
Eliot,2026-02-01,Ford,Ford Mustang,1
Eliot,2026-02-01,Honda,Honda CRV,1
Eliot,2026-02-01,Kia Motors Corp,"Kia Motors Corp Forte, Forte Koup",1
Eliot,2026-02-01,Toyota,Toyota Truck,1
Eliot,2026-02-01,Toyota,Toyota Prius,1
Eliot,2026-02-01,Jeep,Jeep Grand Cherokee,1
Eliot,2026-02-01,Toyota,Toyota Highlander,1
Eliot,2026-02-01,Infiniti,Infiniti QX80,1
Eliot,2026-03-01,Mitsubishi,Mitsubishi Outlander,1
Eliot,2026-03-01,Jeep,Jeep Cherokee,1
Eliot,2026-03-01,Hyundai,Hyundai Accent,1
Eliot,2026-03-01,Toyota,Toyota Highlander,1
Eliot,2026-03-01,Acura,Acura CL Series,1
Eliot,2026-03-01,Ford,Ford Ranger,1
Eliot,2026-03-01,Chevrolet,Chevrolet Equinox,1
Eliot,2026-04-01,Pontiac,Pontiac G6,1
Eliot,2026-04-01,Subaru,Subaru Forester,1
Eliot,2026-04-01,Ford,Ford Transit Connect,1
Eliot,2026-04-01,Toyota,Toyota Camry,1
Eliot,2026-04-01,Volvo,Volvo V70,1
Foster-Powell,2026-01-01,Mercedes-Benz,Mercedes-Benz 350 Series,1
Foster-Powell,2026-01-01,Volvo,Volvo 240 Series,1
Foster-Powell,2026-01-01,Toyota,Toyota 4-Runner,1
Foster-Powell,2026-02-01,Dodge,Dodge Nitro,1
Foster-Powell,2026-02-01,Hyundai,Hyundai Sonata,1
Foster-Powell,2026-02-01,Audi,Audi A3,1
Foster-Powell,2026-03-01,Chevrolet,Chevrolet Silverado,1
Foster-Powell,2026-04-01,Subaru,"Subaru Legacy, Legacy Outback",1
Foster-Powell,2026-04-01,Hyundai,Hyundai Elantra,1
Foster-Powell,2026-04-01,Toyota,Toyota Camry,1
Foster-Powell,2026-04-01,Nissan,Nissan Leaf,1
Glenfair,2026-01-01,Honda,Honda CRV,1
Glenfair,2026-02-01,Chevrolet,Chevrolet C/K 1500,1
Glenfair,2026-03-01,Dodge,Dodge Journey,1
Glenfair,2026-03-01,GMC,GMC Sierra,1
Glenfair,2026-03-01,Honda,"Honda Civic, CRX, Del Sol",1
Glenfair,2026-03-01,Hyundai,Hyundai Elantra,1
Glenfair,2026-03-01,Jeep,Jeep Cherokee,1
Glenfair,2026-03-01,Nissan,Nissan Altima,1
Glenfair,2026-04-01,Ford,Ford Econoline E250,1
Glenfair,2026-04-01,Acura,Acura MDX,1
Goose Hollow,2026-01-01,Hyundai,Hyundai Kona,1
Goose Hollow,2026-01-01,Kia Motors Corp,Kia Motors Corp Optima,1
Goose Hollow,2026-01-01,Honda,"Honda Accord, Accord Crosstour",1
Goose Hollow,2026-01-01,Chevrolet,Chevrolet Spark,1
Goose Hollow,2026-01-01,Dodge,Dodge Charger,1
Goose Hollow,2026-02-01,Hyundai,Hyundai Elantra,1
Goose Hollow,2026-02-01,Honda,"Honda Accord, Accord Crosstour",1
Goose Hollow,2026-02-01,Honda,"Honda Civic, CRX, Del Sol",1
Goose Hollow,2026-02-01,Lexus,Lexus ES350,1
Goose Hollow,2026-02-01,Acura,Acura TLX,1
Goose Hollow,2026-03-01,Toyota,Toyota 4-Runner,1
Goose Hollow,2026-03-01,Honda,Honda CRV,1
Goose Hollow,2026-03-01,Kia Motors Corp,Kia Motors Corp Optima,1
Goose Hollow,2026-03-01,Nissan,"Nissan Rogue, Rogue Select, Rogue Sport",1
Grant Park,2026-01-01,Kia Motors Corp,Kia Motors Corp Rio,1
Grant Park,2026-01-01,Subaru,"Subaru Legacy, Legacy Outback",1
Grant Park,2026-01-01,Dodge,Dodge Durango,1
Grant Park,2026-02-01,Subaru,Subaru Forester,1
Grant Park,2026-03-01,Hyundai,Hyundai Sonata,1
Grant Park,2026-03-01,Subaru,Subaru Outback,1
Hayden Island,2026-02-01,Kia Motors Corp,Kia Motors Corp Sorrento,1
Hayden Island,2026-03-01,Toyota,"Toyota Corolla, Corolla IM",1
Hayden Island,2026-04-01,Ford,Ford F250,1
Hayhurst,2026-01-01,Buick,Buick Park Avenue,1
Hayhurst,2026-03-01,Jeep,Jeep Cherokee,1
Hazelwood,2026-01-01,Hyundai,Hyundai Sonata,2
Hazelwood,2026-01-01,Kia Motors Corp,Unknown,2
Hazelwood,2026-01-01,Nissan,Unknown,2
Hazelwood,2026-01-01,Toyota,Unknown,2
Hazelwood,2026-01-01,Dodge,Dodge Ram 2500,1
Hazelwood,2026-01-01,Ford,Ford F350,1
Hazelwood,2026-01-01,Hyundai,Hyundai Elantra,1
Hazelwood,2026-01-01,Kia Motors Corp,"Kia Motors Corp Forte, Forte Koup",1
Hazelwood,2026-01-01,Jeep,Jeep Wagoneer,1
Hazelwood,2026-01-01,Jeep,Jeep Liberty,1
Hazelwood,2026-01-01,Hyundai,Hyundai Kona,1
Hazelwood,2026-01-01,Acura,Acura Integra,1
Hazelwood,2026-01-01,Chevrolet,Chevrolet Silverado,1
Hazelwood,2026-02-01,Dodge,Dodge Ram 1500,1
Hazelwood,2026-02-01,Cadillac,Cadillac Escalade,1
Hazelwood,2026-02-01,Ford,Ford F250,1
Hazelwood,2026-02-01,Toyota,Toyota 4-Runner,1
Hazelwood,2026-02-01,Nissan,Nissan Maxima,1
Hazelwood,2026-02-01,Mazda,Mazda CX9,1
Hazelwood,2026-02-01,Chrysler,Chrysler Newport,1
Hazelwood,2026-03-01,Honda,"Honda Civic, CRX, Del Sol",1
Hazelwood,2026-03-01,Toyota,Toyota RAV4,1
Hazelwood,2026-03-01,Toyota,"Toyota Corolla, Corolla IM",1
Hazelwood,2026-03-01,Hyundai,Hyundai Accent,1
Hazelwood,2026-03-01,Mazda,Mazda CX5,1
Hazelwood,2026-03-01,Honda,"Honda Accord, Accord Crosstour",1
Hazelwood,2026-03-01,Kia Motors Corp,"Kia Motors Corp Forte, Forte Koup",1
Hazelwood,2026-04-01,Unknown,Unknown,5
Hazelwood,2026-04-01,Honda,Unknown,4
Hazelwood,2026-04-01,Chevrolet,"Chevrolet Camaro, Berlinetta",2
Hazelwood,2026-04-01,Toyota,Toyota Camry,2
Hazelwood,2026-04-01,Nissan,Nissan Sentra,2
Hazelwood,2026-04-01,Chrysler,Chrysler Town & Country Minivan,1
Hazelwood,2026-04-01,Dodge,Dodge Ram 1500,1
Hazelwood,2026-04-01,Dodge,Dodge Durango,1
Hazelwood,2026-04-01,Ford,Ford Mustang,1
Hazelwood,2026-04-01,Chevrolet,Chevrolet Avalanche,1
Hazelwood,2026-04-01,Chrysler,Chrysler 300 300C 300M SRT8,1
Hazelwood,2026-04-01,Chevrolet,Chevrolet Corvette,1
Hazelwood,2026-04-01,Toyota,Unknown,1
Hillsdale,2026-04-01,Yamaha,Yamaha Motorcycle,1
Hollywood,2026-01-01,BMW,BMW Motorcycle,1
Hollywood,2026-01-01,Toyota,Toyota Camry,1
Hollywood,2026-01-01,Honda,"Honda Accord, Accord Crosstour",1
Hollywood,2026-01-01,Dodge,Dodge Ram 2500,1
Hollywood,2026-02-01,Volvo,Volvo C70,1
Hollywood,2026-02-01,Ford,Ford F150,1
Hollywood,2026-03-01,Kia Motors Corp,Kia Motors Corp Soul,1
Hollywood,2026-03-01,Kia Motors Corp,Kia Motors Corp Optima,1
Hollywood,2026-04-01,Audi,Audi A6,1
Hollywood,2026-04-01,Subaru,Subaru Forester,1
Hollywood,2026-04-01,Toyota,Toyota RAV4,1
Hollywood,2026-04-01,Kia Motors Corp,Kia Motors Corp Soul,1
Homestead,2026-02-01,Honda,"Honda Accord, Accord Crosstour",1
Homestead,2026-02-01,Lexus,Lexus ES300,1
Homestead,2026-03-01,Honda,Honda Motorcycle,1
Homestead,2026-04-01,Honda,Honda CRV,1
Hosford-Abernethy,2026-01-01,Subaru,Subaru Forester,2
Hosford-Abernethy,2026-01-01,MG,MG MGB,1
Hosford-Abernethy,2026-01-01,Honda,"Honda Civic, CRX, Del Sol",1
Hosford-Abernethy,2026-01-01,Subaru,Subaru Outback,1
Hosford-Abernethy,2026-01-01,Mazda,Mazda Mazda 3,1
Hosford-Abernethy,2026-01-01,Toyota,Toyota Truck,1
Hosford-Abernethy,2026-02-01,Honda,"Honda Civic, CRX, Del Sol",1
Hosford-Abernethy,2026-02-01,Hyundai,Hyundai Elantra,1
Hosford-Abernethy,2026-02-01,Ford,Ford Escape,1
Hosford-Abernethy,2026-02-01,Toyota,"Toyota Corolla, Corolla IM",1
Hosford-Abernethy,2026-02-01,Toyota,Toyota Tacoma,1
Hosford-Abernethy,2026-02-01,Subaru,Subaru Forester,1
Hosford-Abernethy,2026-03-01,Chevrolet,Chevrolet Spark,1
Hosford-Abernethy,2026-03-01,Subaru,Subaru Outback,1
Hosford-Abernethy,2026-03-01,Toyota,Toyota SR5,1
Hosford-Abernethy,2026-04-01,Honda,"Honda Civic, CRX, Del Sol",1
Hosford-Abernethy,2026-04-01,Zhejiang Lingyun Motorcycle Co Ltd,Zhejiang Lingyun Motorcycle Co Ltd Motorcycle,1
Hosford-Abernethy,2026-04-01,Ford,Ford Escape,1
Humboldt,2026-01-01,Hyundai,Hyundai Elantra,2
Humboldt,2026-01-01,Hyundai,Hyundai Accent,1
Humboldt,2026-01-01,Hyundai,Hyundai Sonata,1
Humboldt,2026-01-01,Kia Motors Corp,Kia Motors Corp Sorrento,1
Humboldt,2026-02-01,Hyundai,Hyundai Tucson,1
Humboldt,2026-02-01,Kia Motors Corp,Kia Motors Corp Sportage,1
Humboldt,2026-02-01,Kia Motors Corp,"Kia Motors Corp Forte, Forte Koup",1
Humboldt,2026-02-01,Nissan,Nissan Versa,1
Humboldt,2026-03-01,Chevrolet,Chevrolet Cobalt,1
Humboldt,2026-04-01,Hyundai,Hyundai Sonata,1
Humboldt,2026-04-01,Subaru,"Subaru Impreza, Impreza Outback",1
Irvington,2026-01-01,Subaru,Subaru Forester,1
Irvington,2026-01-01,Suzuki,"Suzuki XL7, XL7 Grand Vitara",1
Irvington,2026-01-01,Toyota,Toyota Land Cruiser,1
Irvington,2026-01-01,Toyota,Toyota 4-Runner,1
Irvington,2026-01-01,Honda,"Honda Civic, CRX, Del Sol",1
Irvington,2026-02-01,GMC,GMC Sierra,1
Irvington,2026-03-01,Hyundai,Hyundai Elantra,2
Irvington,2026-03-01,GMC,GMC Canyon,1
Irvington,2026-03-01,Hyundai,Hyundai Tucson,1
Irvington,2026-03-01,Chevrolet,Chevrolet Silverado,1
Irvington,2026-04-01,Lexus,Lexus RX300,1
Kenton,2026-01-01,Kia Motors Corp,Kia Motors Corp Sorrento,1
Kenton,2026-01-01,Jeep,Jeep Cherokee,1
Kenton,2026-01-01,GMC,GMC Yukon,1
Kenton,2026-01-01,Honda,"Honda Civic, CRX, Del Sol",1
Kenton,2026-01-01,SYM USA/Sanyang Motorcycle,SYM USA/Sanyang Motorcycle Motorcycle,1
Kenton,2026-01-01,Toyota,Toyota T-100,1
Kenton,2026-01-01,Chevrolet,Chevrolet Tahoe,1
Kenton,2026-01-01,Subaru,Subaru Forester,1
Kenton,2026-01-01,Subaru,"Subaru Legacy, Legacy Outback",1
Kenton,2026-02-01,Kia Motors Corp,Kia Motors Corp Sportage,1
Kenton,2026-02-01,Chevrolet,Chevrolet GMT,1
Kenton,2026-02-01,Honda,"Honda Civic, CRX, Del Sol",1
Kenton,2026-02-01,Hyundai,Hyundai Sonata,1
Kenton,2026-02-01,Nissan,Nissan Frontier,1
Kenton,2026-03-01,Ford,Ford Ranger,1
Kenton,2026-03-01,Ford,Ford Econoline E250,1
Kenton,2026-03-01,Harley Davidson,Harley Davidson Motorcycle,1
Kenton,2026-03-01,Kia Motors Corp,Kia Motors Corp Soul,1
Kenton,2026-04-01,Honda,"Honda Accord, Accord Crosstour",1
Kenton,2026-04-01,Ford,Ford F350,1
Kenton,2026-04-01,Ford,Ford Escape,1
Kerns,2026-01-01,Scion,Scion XD,1
Kerns,2026-01-01,Kia Motors Corp,"Kia Motors Corp Forte, Forte Koup",1
Kerns,2026-01-01,Toyota,Toyota 4-Runner,1
Kerns,2026-01-01,Toyota,Toyota Tacoma,1
Kerns,2026-01-01,Toyota,Toyota SR5,1
Kerns,2026-01-01,Hyundai,Hyundai Elantra,1
Kerns,2026-01-01,Subaru,"Subaru Legacy, Legacy Outback",1
Kerns,2026-02-01,Hyundai,Hyundai Elantra,2
Kerns,2026-02-01,Honda,Honda CRV,1
Kerns,2026-02-01,GMC,GMC Canyon,1
Kerns,2026-02-01,Genesis Motors,Genesis Motors G70,1
Kerns,2026-02-01,Suzuki,Suzuki Motorcycle,1
Kerns,2026-02-01,Kia Motors Corp,Kia Motors Corp Spectra,1
Kerns,2026-02-01,Ford,Ford Bronco Models,1
Kerns,2026-02-01,Scion,Scion XB,1
Kerns,2026-02-01,Toyota,Toyota RAV4,1
Kerns,2026-03-01,Hyundai,Hyundai Sonata,1
Kerns,2026-03-01,Kia Motors Corp,Kia Motors Corp Sportage,1
Kerns,2026-03-01,Toyota,Toyota SR5,1
Kerns,2026-03-01,Honda,"Honda Civic, CRX, Del Sol",1
Kerns,2026-03-01,Subaru,"Subaru Impreza, Impreza Outback",1
Kerns,2026-03-01,Mazda,Mazda MX6,1
Kerns,2026-04-01,Subaru,"Subaru Impreza, Impreza Outback",1
Kerns,2026-04-01,Volkswagen,Volkswagen Jetta,1
Kerns,2026-04-01,Subaru,Subaru Loyale,1
Kerns,2026-04-01,Ford,Ford F250,1
Kerns,2026-04-01,Toyota,Toyota Tundra,1
Kerns,2026-04-01,Honda,Honda FIT,1
King,2026-01-01,Dodge,Dodge Dakota,2
King,2026-01-01,Hyundai,Hyundai Sonata,1
King,2026-01-01,Acura,Acura CL Series,1
King,2026-01-01,Honda,"Honda Civic, CRX, Del Sol",1
King,2026-01-01,Nissan,Nissan Murano,1
King,2026-02-01,Kia Motors Corp,Kia Motors Corp Sorrento,1
King,2026-02-01,Chevrolet,Chevrolet GMT,1
King,2026-03-01,Honda,Honda Odyssey,1
King,2026-03-01,Hyundai,Hyundai Tucson,1
King,2026-03-01,Mercedes-Benz,Mercedes-Benz 300 Series,1
King,2026-03-01,Chevrolet,Chevrolet Suburban,1
King,2026-03-01,GMC,GMC Canyon,1
King,2026-04-01,Kia Motors Corp,Kia Motors Corp Sportage,1
King,2026-04-01,Subaru,Subaru Forester,1
King,2026-04-01,Honda,Honda CRV,1
King,2026-04-01,Honda,Honda Motorcycle,1
Laurelhurst,2026-01-01,Genesis Motors,Genesis Motors GV70,1
Laurelhurst,2026-01-01,Chevrolet,Chevrolet S10,1
Laurelhurst,2026-02-01,Ford,Ford F150,1
Laurelhurst,2026-02-01,Hyundai,Hyundai Elantra,1
Laurelhurst,2026-03-01,Acura,Acura Integra,1
Laurelhurst,2026-03-01,Infiniti,Infiniti G37,1
Laurelhurst,2026-04-01,Subaru,"Subaru Impreza, Impreza Outback",1
Laurelhurst,2026-04-01,Kia Motors Corp,Kia Motors Corp Soul,1
Lents,2026-01-01,Toyota,Toyota Camry,3
Lents,2026-01-01,Toyota,Unknown,3
Lents,2026-01-01,Hyundai,Hyundai Elantra,2
Lents,2026-01-01,Kia Motors Corp,Kia Motors Corp Sportage,1
Lents,2026-01-01,Ford,Ford F650,1
Lents,2026-01-01,Honda,"Honda Civic, CRX, Del Sol",1
Lents,2026-01-01,Kia Motors Corp,Kia Motors Corp Rio,1
Lents,2026-01-01,Mazda,Mazda CX5,1
Lents,2026-01-01,Ford,Ford Escape,1
Lents,2026-01-01,Lexus,Lexus RX350,1
Lents,2026-01-01,Infiniti,Infiniti Q50,1
Lents,2026-02-01,Honda,"Honda Accord, Accord Crosstour",1
Lents,2026-02-01,Harley Davidson,Harley Davidson Motorcycle,1
Lents,2026-02-01,Subaru,Subaru Outback,1
Lents,2026-02-01,Subaru,"Subaru Legacy, Legacy Outback",1
Lents,2026-02-01,Toyota,Toyota Prius,1
Lents,2026-02-01,Toyota,Toyota Camry,1
Lents,2026-02-01,Toyota,Toyota Truck,1
Lents,2026-03-01,Ford,Ford F150,2
Lents,2026-03-01,Harley Davidson,Harley Davidson Motorcycle,1
Lents,2026-03-01,Hyundai,Hyundai Elantra,1
Lents,2026-03-01,Subaru,"Subaru Impreza, Impreza Outback",1
Lents,2026-03-01,Toyota,Toyota RAV4,1
Lents,2026-03-01,Hyundai,Hyundai Sonata,1
Lents,2026-03-01,Nissan,Nissan Altima,1
Lents,2026-03-01,GMC,GMC Yukon,1
Lents,2026-03-01,BMW,BMW 328i,1
Lents,2026-04-01,Honda,Honda CRV,2
Lents,2026-04-01,Hyundai,Hyundai Sonata,2
Lents,2026-04-01,Yamaha,Yamaha Motorcycle,1
Lents,2026-04-01,Chevrolet,Chevrolet Cruze,1
Lents,2026-04-01,Dodge,Dodge Ram 1500,1
Lents,2026-04-01,Volvo,"Volvo S60, S60I, S60CC",1
Lents,2026-04-01,Ford,Ford Edge,1
Linnton,2026-01-01,Volkswagen,Volkswagen Jetta,1
Lloyd,2026-01-01,Dodge,Dodge Charger,1
Lloyd,2026-02-01,BMW,BMW 328i,1
Lloyd,2026-02-01,GMC,GMC Sierra,1
Lloyd,2026-02-01,BMW,BMW X3,1
Lloyd,2026-02-01,Subaru,"Subaru Legacy, Legacy Outback",1
Lloyd,2026-03-01,Volkswagen,Volkswagen Eurovan,1
Lloyd,2026-03-01,"RAM Truck (Model year 2013 and newer) , Chrysler Group",RAM Truck,1
Madison South,2026-01-01,Hyundai,Hyundai Elantra,1
Madison South,2026-01-01,Ford,Ford Econoline E250,1
Madison South,2026-02-01,Ford,Ford Econoline E350,1
Madison South,2026-02-01,Land Rover,Land Rover Range Rover,1
Madison South,2026-02-01,Dodge,Dodge Ram 1500,1
Madison South,2026-02-01,Honda,"Honda Civic, CRX, Del Sol",1
Madison South,2026-03-01,Kia Motors Corp,Kia Motors Corp Spectra,1
Madison South,2026-03-01,Dodge,Dodge Stratus,1
Madison South,2026-03-01,Honda,"Honda Civic, CRX, Del Sol",1
Madison South,2026-03-01,Ford,Ford F150,1
Madison South,2026-03-01,Toyota,Toyota RAV4,1
Madison South,2026-04-01,Hyundai,Hyundai Elantra,1
Madison South,2026-04-01,Nissan,Nissan Leaf,1
Madison South,2026-04-01,Mazda,Mazda Mazda 6,1
Markham,2026-04-01,Toyota,Toyota Sienna,1
Mill Park,2026-01-01,Honda,Honda CRV,1
Mill Park,2026-01-01,Chrysler,Chrysler PT Cruiser,1
Mill Park,2026-02-01,Lexus,Lexus ES250 or IS250,1
Mill Park,2026-02-01,Nissan,Nissan Axxess,1
Mill Park,2026-02-01,Ford,Ford F250,1
Mill Park,2026-03-01,Honda,"Honda Civic, CRX, Del Sol",1
Mill Park,2026-03-01,Toyota,Toyota Camry,1
Montavilla,2026-01-01,Dodge,Dodge Charger,1
Montavilla,2026-01-01,Hyundai,Hyundai Elantra,1
Montavilla,2026-01-01,Volkswagen,Unknown Volkswagen Model,1
Montavilla,2026-01-01,Toyota,Toyota Camry,1
Montavilla,2026-01-01,Honda,"Honda Accord, Accord Crosstour",1
Montavilla,2026-02-01,GEO,GEO Tracker,1
Montavilla,2026-02-01,Honda,"Honda Civic, CRX, Del Sol",1
Montavilla,2026-02-01,Hyundai,Hyundai Sonata,1
Montavilla,2026-02-01,Dodge,Dodge Challenger,1
Montavilla,2026-02-01,Subaru,"Subaru Legacy, Legacy Outback",1
Montavilla,2026-02-01,Toyota,Toyota Camry,1
Montavilla,2026-03-01,Hyundai,Hyundai Elantra,2
Montavilla,2026-03-01,Ford,Ford Focus,1
Montavilla,2026-03-01,BMW,BMW 528 Series,1
Montavilla,2026-03-01,Nissan,Nissan Versa,1
Montavilla,2026-03-01,Nissan,Nissan Sentra,1
Montavilla,2026-03-01,Nissan,"Nissan Pathfinder, Pathfinder Armada",1
Montavilla,2026-03-01,Chevrolet,Chevrolet Silverado,1
Montavilla,2026-03-01,Acura,Acura TL Series,1
Montavilla,2026-03-01,Mercedes-Benz,Mercedes-Benz 320 Series,1
Montavilla,2026-04-01,Fiat,"Fiat 500, 500C, 500X, 500L Trekking",2
Montavilla,2026-04-01,Kia Motors Corp,Kia Motors Corp Soul,1
Montavilla,2026-04-01,Subaru,"Subaru WRX, WRX STI",1
Montavilla,2026-04-01,Chevrolet,Chevrolet Traverse,1
Montavilla,2026-04-01,Ford,Ford Bronco Models,1
Montavilla,2026-04-01,BMW,BMW 128 Series,1
Montavilla,2026-04-01,Honda,"Honda Accord, Accord Crosstour",1
Mt Scott-Arleta,2026-01-01,Saturn,Saturn SL,1
Mt Scott-Arleta,2026-01-01,Nissan,Nissan D21,1
Mt Scott-Arleta,2026-01-01,Toyota,Toyota Camry,1
Mt Scott-Arleta,2026-01-01,Kia Motors Corp,Kia Motors Corp Soul,1
Mt Scott-Arleta,2026-02-01,Subaru,Subaru Forester,1
Mt Scott-Arleta,2026-02-01,Subaru,"Subaru Crosstrek, XV Crosstrek",1
Mt Scott-Arleta,2026-02-01,GMC,Unknown GMC Model,1
Mt Scott-Arleta,2026-03-01,Jeep,Jeep Cherokee,1
Mt Scott-Arleta,2026-03-01,Kia Motors Corp,"Kia Motors Corp Forte, Forte Koup",1
Mt Scott-Arleta,2026-03-01,Subaru,Subaru Forester,1
Mt Scott-Arleta,2026-03-01,Harley Davidson,Harley Davidson Motorcycle,1
Mt Scott-Arleta,2026-04-01,Yamaha,Yamaha Motorcycle,1
Mt Scott-Arleta,2026-04-01,Ford,Ford F250,1
Mt Tabor,2026-01-01,"RAM Truck (Model year 2013 and newer) , Chrysler Group",RAM Truck,1
Mt Tabor,2026-01-01,Toyota,Toyota Tacoma,1
Mt Tabor,2026-02-01,Volkswagen,Volkswagen Vanagon,1
Mt Tabor,2026-02-01,Subaru,"Subaru Impreza, Impreza Outback",1
Mt Tabor,2026-02-01,Subaru,Subaru Forester,1
Mt Tabor,2026-03-01,Hyundai,Hyundai Elantra,1
Mt Tabor,2026-03-01,Subaru,Subaru Forester,1
Mt Tabor,2026-03-01,Subaru,"Subaru Legacy, Legacy Outback",1
Mt Tabor,2026-03-01,Kia Motors Corp,Kia Motors Corp Sportage,1
Mt Tabor,2026-03-01,KTM,KTM Motorcycle,1
Mt Tabor,2026-03-01,Nissan,Nissan Truck,1
Mt Tabor,2026-04-01,Kia Motors Corp,Kia Motors Corp Soul,1
Mt Tabor,2026-04-01,Subaru,"Subaru Legacy, Legacy Outback",1
Multnomah,2026-03-01,Kia Motors Corp,Kia Motors Corp Optima,1
Multnomah,2026-03-01,Jeep,Jeep Wrangler,1
North Tabor,2026-01-01,Ford,Ford F350,1
North Tabor,2026-01-01,Honda,"Honda Accord, Accord Crosstour",1
North Tabor,2026-01-01,Honda,Honda CRV,1
North Tabor,2026-01-01,Nissan,Nissan Maxima,1
North Tabor,2026-02-01,Hyundai,Hyundai Elantra,2
North Tabor,2026-02-01,Volkswagen,Volkswagen Tiguan,1
North Tabor,2026-02-01,Jaguar,Jaguar E-Pace,1
North Tabor,2026-02-01,Piaggio Group Americas Inc,Piaggio Group Americas Inc Motorcycle,1
North Tabor,2026-02-01,Nissan,Nissan Sentra,1
North Tabor,2026-03-01,Dodge,Dodge Ram 1500,1
North Tabor,2026-03-01,Chevrolet,Chevrolet Astro,1
North Tabor,2026-03-01,Dodge,Dodge Challenger,1
North Tabor,2026-04-01,Ford,Ford Escort,1
North Tabor,2026-04-01,Kia Motors Corp,Kia Motors Corp Optima,1
Northwest,2026-01-01,Honda,"Honda Civic, CRX, Del Sol",1
Northwest,2026-01-01,Nissan,Nissan Versa,1
Northwest,2026-01-01,Kia Motors Corp,Kia Motors Corp Optima,1
Northwest,2026-01-01,Toyota,Toyota Prius,1
Northwest,2026-01-01,Toyota,"Toyota Corolla, Corolla IM",1
Northwest,2026-01-01,Royal Enfield,Royal Enfield Motorcycle,1
Northwest,2026-01-01,Lexus,Lexus RX350,1
Northwest,2026-01-01,Ford,Ford Mustang,1
Northwest,2026-01-01,Hyundai,Hyundai Sonata,1
Northwest,2026-01-01,Toyota,Toyota Highlander,1
Northwest,2026-02-01,Hyundai,Hyundai Santa Fe,1
Northwest,2026-02-01,Toyota,Toyota Prius,1
Northwest,2026-02-01,Tesla Motors,Tesla Motors Model S,1
Northwest,2026-02-01,Vespa,Vespa Motorcycle,1
Northwest,2026-02-01,Kia Motors Corp,Kia Motors Corp Optima,1
Northwest,2026-02-01,Buick,Buick Envista,1
Northwest,2026-03-01,Subaru,Unknown,2
Northwest,2026-03-01,Jeep,Jeep Cherokee,1
Northwest,2026-03-01,Freightliner Corp,Freightliner Corp Truck,1
Northwest,2026-03-01,GMC,GMC Savana,1
Northwest,2026-03-01,Ford,Ford Crown Victoria,1
Northwest,2026-03-01,Genuine Scooters LLC mfgd by Motive Power Industry Co LTD,Genuine Scooters LLC mfgd by Motive Power Industry Co LTD Motorcycle,1
Northwest,2026-03-01,Kia Motors Corp,Kia Motors Corp Soul,1
Northwest,2026-03-01,Chevrolet,Chevrolet S10,1
Northwest,2026-03-01,Chevrolet,Chevrolet Silverado,1
Northwest,2026-03-01,Honda,Honda CRV,1
Northwest,2026-03-01,Lexus,Lexus RC F,1
Northwest,2026-03-01,Unknown,Unknown,1
Northwest,2026-04-01,Mercedes-Benz,Mercedes-Benz G550 or GL550,1
Northwest,2026-04-01,Volkswagen,Volkswagen Golf,1
Northwest,2026-04-01,Subaru,"Subaru Legacy, Legacy Outback",1
Northwest,2026-04-01,Toyota,Toyota Highlander,1
Northwest,2026-04-01,GMC,GMC Savana,1
Northwest,2026-04-01,Nissan,"Nissan Pathfinder, Pathfinder Armada",1
Northwest,2026-04-01,Ford,Ford Maverick pickup,1
Northwest,2026-04-01,Honda,Honda CRV,1
Northwest,2026-04-01,Subaru,Subaru Forester,1
Northwest,2026-04-01,Toyota,Toyota RAV4,1
Northwest Industrial,2026-02-01,Freightliner Corp,Freightliner Corp Truck,1
Northwest Industrial,2026-03-01,Ford,Ford Ranger,1
Northwest Industrial,2026-03-01,Ford,Ford Explorer,1
Northwest Industrial,2026-04-01,Volkswagen,Volkswagen Passat,1
Not In a Neighborhood,2026-01-01,Honda,"Honda Civic, CRX, Del Sol",1
Not In a Neighborhood,2026-01-01,Honda,Honda CRV,1
Not In a Neighborhood,2026-01-01,Volkswagen,Volkswagen Taos,1
Not In a Neighborhood,2026-02-01,Kia Motors Corp,"Kia Motors Corp Forte, Forte Koup",1
Not In a Neighborhood,2026-02-01,Chevrolet,Chevrolet GMT,1
Not In a Neighborhood,2026-02-01,Toyota,Toyota 4-Runner,1
Not In a Neighborhood,2026-02-01,Toyota,Toyota RAV4,1
Not In a Neighborhood,2026-02-01,Ford,Ford Econoline E250,1
Not In a Neighborhood,2026-03-01,Acura,Acura TSX,1
Not In a Neighborhood,2026-03-01,International Inds Inc,Unknown International Inds Inc Model,1
Not In a Neighborhood,2026-03-01,Jeep,Jeep Renegade,1
Not In a Neighborhood,2026-03-01,Mazda,Mazda CX5,1
Not In a Neighborhood,2026-03-01,GMC,GMC Acadia,1
Not In a Neighborhood,2026-04-01,Ford,Ford Fusion,1
Not In a Neighborhood,2026-04-01,Dodge,Dodge Ram 1500,1
Not In a Neighborhood,2026-04-01,Nissan,"Nissan Pathfinder, Pathfinder Armada",1
Old Town/Chinatown,2026-01-01,Jeep,Jeep Cherokee,1
Old Town/Chinatown,2026-01-01,Toyota,Toyota RAV4,1
Old Town/Chinatown,2026-01-01,Toyota,Toyota Tacoma,1
Old Town/Chinatown,2026-01-01,Mazda,Mazda Mazda 3,1
Old Town/Chinatown,2026-02-01,Acura,Acura TLX,1
Old Town/Chinatown,2026-02-01,Chevrolet,Chevrolet Silverado,1
Old Town/Chinatown,2026-03-01,Toyota,Toyota Tacoma,1
Old Town/Chinatown,2026-03-01,Chevrolet,Chevrolet Suburban,1
Old Town/Chinatown,2026-03-01,Nissan,Nissan Altima,1
Old Town/Chinatown,2026-03-01,Subaru,"Subaru Impreza, Impreza Outback",1
Old Town/Chinatown,2026-04-01,Mazda,Mazda Mazda 3,1
Old Town/Chinatown,2026-04-01,Kawasaki,Kawasaki Motorcycle,1
Overlook,2026-01-01,Subaru,"Subaru Legacy, Legacy Outback",1
Overlook,2026-01-01,Jamboree Motor Home Truck,Jamboree Motor Home Truck Truck,1
Overlook,2026-01-01,Kia Motors Corp,Kia Motors Corp Soul,1
Overlook,2026-01-01,Mazda,Mazda Mazda 3,1
Overlook,2026-01-01,Hyundai,Hyundai Veloster,1
Overlook,2026-02-01,Kia Motors Corp,Kia Motors Corp Optima,1
Overlook,2026-02-01,GMC,GMC Sierra,1
Overlook,2026-02-01,Chevrolet,Chevrolet Suburban,1
Overlook,2026-03-01,Hyundai,Hyundai Elantra,2
Overlook,2026-03-01,Mercedes-Benz,Mercedes-Benz R350,1
Overlook,2026-03-01,Mercedes-Benz,Mercedes-Benz C300,1
Overlook,2026-03-01,Subaru,"Subaru Legacy, Legacy Outback",1
Overlook,2026-03-01,Acura,Acura Integra,1
Overlook,2026-03-01,Ford,Ford F350,1
Overlook,2026-04-01,Hyundai,Hyundai Elantra,2
Overlook,2026-04-01,Subaru,Subaru Baja,1
Overlook,2026-04-01,Genuine Scooters LLC mfgd by Motive Power Industry Co LTD,Genuine Scooters LLC mfgd by Motive Power Industry Co LTD Motorcycle,1
Parkrose,2026-01-01,Mitsubishi,Mitsubishi Outlander,2
Parkrose,2026-01-01,Ford,Ford F250,1
Parkrose,2026-01-01,Ford,Ford C-MAX,1
Parkrose,2026-01-01,Chevrolet,Chevrolet C/K 3500,1
Parkrose,2026-01-01,Ford,Ford F750,1
Parkrose,2026-02-01,Toyota,Toyota 4-Runner,1
Parkrose,2026-02-01,Nissan,Nissan Altima,1
Parkrose,2026-02-01,Chevrolet,Chevrolet Silverado,1
Parkrose,2026-03-01,Dodge,Dodge Stratus,1
Parkrose,2026-03-01,Mercedes-Benz,Mercedes-Benz 500 Series,1
Parkrose,2026-03-01,Chrysler,Chrysler Town & Country Minivan,1
Parkrose,2026-03-01,Subaru,Subaru Forester,1
Parkrose,2026-03-01,Nissan,"Nissan Rogue, Rogue Select, Rogue Sport",1
Parkrose,2026-03-01,Kia Motors Corp,Kia Motors Corp Sorrento,1
Parkrose,2026-04-01,Ford,Ford F250,1
Parkrose,2026-04-01,Honda,Honda Odyssey,1
Parkrose Heights,2026-01-01,Honda,"Honda Accord, Accord Crosstour",1
Parkrose Heights,2026-01-01,Ford,Ford Escort,1
Parkrose Heights,2026-02-01,Scion,Scion XD,1
Parkrose Heights,2026-03-01,Honda,"Honda Civic, CRX, Del Sol",1
Parkrose Heights,2026-04-01,Nissan,Nissan Murano,2
Parkrose Heights,2026-04-01,Hyundai,Hyundai Elantra,1
Parkrose Heights,2026-04-01,Ford,Ford Mustang,1
Parkrose Heights,2026-04-01,Hyundai,Hyundai Tucson,1
Pearl,2026-01-01,Hyundai,Hyundai Elantra,2
Pearl,2026-01-01,Porsche,"Porsche Cayman, Cayman S",1
Pearl,2026-01-01,Honda,Honda CRV,1
Pearl,2026-01-01,Kia Motors Corp,Kia Motors Corp Sorrento,1
Pearl,2026-01-01,Subaru,"Subaru Legacy, Legacy Outback",1
Pearl,2026-01-01,Hyundai,Hyundai Sonata,1
Pearl,2026-01-01,Hyundai,Hyundai Accent,1
Pearl,2026-01-01,Lexus,Lexus RX350,1
Pearl,2026-01-01,Toyota,Toyota Prius,1
Pearl,2026-01-01,Toyota,"Toyota Corolla, Corolla IM",1
Pearl,2026-02-01,Kia Motors Corp,Kia Motors Corp Sportage,1
Pearl,2026-02-01,Toyota,Toyota 4-Runner,1
Pearl,2026-02-01,BMW,BMW X3,1
Pearl,2026-03-01,Honda,"Honda Accord, Accord Crosstour",2
Pearl,2026-03-01,Mercedes-Benz,Mercedes-Benz ML500,1
Pearl,2026-03-01,Toyota,"Toyota Corolla, Corolla IM",1
Pearl,2026-03-01,Hyundai,Hyundai Accent,1
Pearl,2026-03-01,Toyota,Toyota Highlander,1
Pearl,2026-03-01,Toyota,Toyota 4-Runner,1
Pearl,2026-03-01,Subaru,"Subaru Crosstrek, XV Crosstrek",1
Pearl,2026-04-01,Ford,Ford F150,1
Pearl,2026-04-01,Subaru,Subaru BRZ,1
Pearl,2026-04-01,Honda,"Honda Civic, CRX, Del Sol",1
Pearl,2026-04-01,Subaru,"Subaru Crosstrek, XV Crosstrek",1
Pearl,2026-04-01,Toyota,Toyota RAV4,1
Pearl,2026-04-01,Ford,"Ford Taurus, Taurus X",1
Pearl,2026-04-01,Audi,Audi Q5,1
Piedmont,2026-01-01,Honda,"Honda Accord, Accord Crosstour",1
Piedmont,2026-01-01,Dodge,"Dodge Caravan, Grand Caravan",1
Piedmont,2026-01-01,Hyundai,Hyundai Elantra,1
Piedmont,2026-01-01,Subaru,Subaru Forester,1
Piedmont,2026-01-01,Ford,Ford F650,1
Piedmont,2026-01-01,Kia Motors Corp,Kia Motors Corp Rio,1
Piedmont,2026-02-01,Subaru,"Subaru Legacy, Legacy Outback",1
Piedmont,2026-02-01,Hyundai,Hyundai Elantra,1
Piedmont,2026-03-01,International Harvester,International Harvester Truck,1
Piedmont,2026-04-01,Honda,"Honda Accord, Accord Crosstour",2
Piedmont,2026-04-01,Subaru,Subaru Forester,1
Pleasant Valley,2026-02-01,BMW,BMW 528 Series,1
Pleasant Valley,2026-02-01,Chrysler,Chrysler 300 300C 300M SRT8,1
Pleasant Valley,2026-03-01,Kia Motors Corp,Kia Motors Corp Soul,1
Pleasant Valley,2026-03-01,Land Rover,Land Rover LR3,1
Pleasant Valley,2026-04-01,Dodge,Dodge Charger,1
Pleasant Valley,2026-04-01,Kia Motors Corp,"Kia Motors Corp Forte, Forte Koup",1
Pleasant Valley,2026-04-01,Toyota,Toyota RAV4,1
Pleasant Valley,2026-04-01,Ford,Ford F250,1
Portsmouth,2026-01-01,Hyundai,Hyundai Elantra,2
Portsmouth,2026-01-01,GMC,GMC Denali,1
Portsmouth,2026-01-01,Scion,Scion XB,1
Portsmouth,2026-01-01,Kia Motors Corp,Kia Motors Corp Soul,1
Portsmouth,2026-01-01,Kia Motors Corp,Kia Motors Corp Sorrento,1
Portsmouth,2026-01-01,Hyundai,Hyundai Accent,1
Portsmouth,2026-01-01,Toyota,Toyota Prius,1
Portsmouth,2026-01-01,Subaru,"Subaru Impreza, Impreza Outback",1
Portsmouth,2026-02-01,Kia Motors Corp,Kia Motors Corp Sorrento,1
Portsmouth,2026-02-01,GMC,GMC Sierra,1
Portsmouth,2026-02-01,Toyota,"Toyota Corolla, Corolla IM",1
Portsmouth,2026-02-01,Hyundai,Hyundai Elantra,1
Portsmouth,2026-02-01,Audi,Audi Q5,1
Portsmouth,2026-03-01,Hyundai,Hyundai Elantra,2
Portsmouth,2026-03-01,Genuine Scooters LLC mfgd by Motive Power Industry Co LTD,Genuine Scooters LLC mfgd by Motive Power Industry Co LTD Motorcycle,1
Portsmouth,2026-03-01,Acura,Acura TL Series,1
Portsmouth,2026-03-01,Mitsubishi FUSO Truck of America Inc,Mitsubishi FUSO Truck of America Inc Truck,1
Portsmouth,2026-03-01,Chevrolet,Chevrolet Sonic,1
Portsmouth,2026-04-01,Honda,Honda Element,1
Portsmouth,2026-04-01,Hyundai,Hyundai Elantra,1
Portsmouth,2026-04-01,Hyundai,Hyundai Sonata,1
Powellhurst-Gilbert,2026-01-01,Kia Motors Corp,Unknown,3
Powellhurst-Gilbert,2026-01-01,Unknown,Unknown,3
Powellhurst-Gilbert,2026-01-01,Ford,Ford Explorer,2
Powellhurst-Gilbert,2026-01-01,BMW,BMW Motorcycle,1
Powellhurst-Gilbert,2026-01-01,Chevrolet,Chevrolet Traverse,1
Powellhurst-Gilbert,2026-01-01,Chevrolet,Chevrolet Tahoe,1
Powellhurst-Gilbert,2026-01-01,Infiniti,Infiniti Q50,1
Powellhurst-Gilbert,2026-01-01,Ford,Ford F150,1
Powellhurst-Gilbert,2026-01-01,Ford,Ford F350,1
Powellhurst-Gilbert,2026-01-01,Honda,Honda Motorcycle,1
Powellhurst-Gilbert,2026-01-01,Honda,"Honda Civic, CRX, Del Sol",1
Powellhurst-Gilbert,2026-01-01,Blue Bird Body Co. (Buses and Trailers),Blue Bird Body Co.,1
Powellhurst-Gilbert,2026-01-01,Infiniti,Unknown,1
Powellhurst-Gilbert,2026-02-01,Ford,Ford Econoline E150,1
Powellhurst-Gilbert,2026-02-01,Kia Motors Corp,Kia Motors Corp Sportage,1
Powellhurst-Gilbert,2026-02-01,Ford,Ford F350,1
Powellhurst-Gilbert,2026-02-01,Ford,Ford F150,1
Powellhurst-Gilbert,2026-03-01,Ford,Ford Econoline E150,1
Powellhurst-Gilbert,2026-03-01,Subaru,Subaru Forester,1
Powellhurst-Gilbert,2026-03-01,Nissan,Nissan Truck,1
Powellhurst-Gilbert,2026-03-01,Chevrolet,Chevrolet Silverado,1
Powellhurst-Gilbert,2026-03-01,Ford,Ford Escape,1
Powellhurst-Gilbert,2026-03-01,Ford,Ford Econoline E250,1
Powellhurst-Gilbert,2026-04-01,Ford,Ford Edge,1
Powellhurst-Gilbert,2026-04-01,Ford,Ford Escort,1
Powellhurst-Gilbert,2026-04-01,Ford,Ford Expedition,1
Powellhurst-Gilbert,2026-04-01,Mercedes-Benz,Mercedes-Benz ML350,1
Powellhurst-Gilbert,2026-04-01,Chevrolet,Chevrolet Suburban,1
Powellhurst-Gilbert,2026-04-01,Chevrolet,"Chevrolet Camaro, Berlinetta",1
Powellhurst-Gilbert,2026-04-01,Mitsubishi,"Mitsubishi Eclipse, Eclipse Spyder GS-T, Eclipse Cross",1
Powellhurst-Gilbert,2026-04-01,Dodge,"Dodge Caravan, Grand Caravan",1
Reed,2026-02-01,Ford,Ford Ranger,1
Reed,2026-02-01,Chevrolet,Chevrolet Silverado,1
Reed,2026-03-01,Kia Motors Corp,Kia Motors Corp Soul,2
Reed,2026-03-01,Kia Motors Corp,Kia Motors Corp Optima,1
Reed,2026-03-01,Kia Motors Corp,Kia Motors Corp Sportage,1
Reed,2026-03-01,Ford,Ford Econoline E350,1
Reed,2026-03-01,Toyota,Toyota Truck,1
Reed,2026-04-01,BMW,BMW 530 Series,1
Reed,2026-04-01,Chevrolet,Chevrolet C20,1
Richmond,2026-01-01,Ford,Ford F250,1
Richmond,2026-01-01,Dodge,Dodge Ram 2500,1
Richmond,2026-01-01,Nissan,Nissan Altima,1
Richmond,2026-01-01,Nissan,"Nissan Rogue, Rogue Select, Rogue Sport",1
Richmond,2026-01-01,Nissan,"Nissan Pathfinder, Pathfinder Armada",1
Richmond,2026-01-01,Nissan,Nissan Sentra,1
Richmond,2026-01-01,Ford,Ford Bronco Models,1
Richmond,2026-01-01,Nissan,Nissan Truck,1
Richmond,2026-02-01,Hyundai,Hyundai Elantra,2
Richmond,2026-02-01,Subaru,Subaru Forester,1
Richmond,2026-02-01,Hyundai,Hyundai Tucson,1
Richmond,2026-02-01,Honda,Honda Motorcycle,1
Richmond,2026-02-01,Honda,Honda CRV,1
Richmond,2026-02-01,Honda,"Honda Civic, CRX, Del Sol",1
Richmond,2026-03-01,Honda,"Honda Civic, CRX, Del Sol",2
Richmond,2026-03-01,Honda,Honda Motorcycle,2
Richmond,2026-03-01,Dodge,Dodge Truck,1
Richmond,2026-03-01,Subaru,Subaru Forester,1
Richmond,2026-03-01,Honda,Honda Odyssey,1
Richmond,2026-03-01,Hyundai,Hyundai Elantra,1
Richmond,2026-03-01,Jeep,Jeep Wrangler,1
Richmond,2026-03-01,Kia Motors Corp,Kia Motors Corp Sportage,1
Richmond,2026-03-01,Subaru,"Subaru Impreza, Impreza Outback",1
Richmond,2026-04-01,Unlisted motorcycle make,Unlisted motorcycle make Motorcycle,2
Richmond,2026-04-01,Subaru,Subaru Forester,1
Richmond,2026-04-01,Honda,Honda Motorcycle,1
Richmond,2026-04-01,Toyota,Toyota Camry,1
Richmond,2026-04-01,Harley Davidson,Harley Davidson Motorcycle,1
Rose City Park,2026-01-01,Nissan,"Nissan Rogue, Rogue Select, Rogue Sport",1
Rose City Park,2026-01-01,Lexus,Lexus ES300,1
Rose City Park,2026-01-01,Kia Motors Corp,Kia Motors Corp Optima,1
Rose City Park,2026-01-01,Toyota,Toyota Truck,1
Rose City Park,2026-01-01,Toyota,Toyota Tercel,1
Rose City Park,2026-02-01,Audi,Audi Allroad,1
Rose City Park,2026-02-01,Ford,Ford F150,1
Rose City Park,2026-02-01,Chevrolet,Chevrolet Silverado,1
Rose City Park,2026-03-01,MG,Unknown MG Model,1
Roseway,2026-01-01,Ford,Ford Ecosport,1
Roseway,2026-02-01,Jeep,Jeep Wrangler,1
Roseway,2026-03-01,Hyundai,Hyundai Elantra,1
Roseway,2026-03-01,Hyundai,Hyundai Tucson,1
Roseway,2026-04-01,Kia Motors Corp,Kia Motors Corp Sportage,1
Russell,2026-02-01,Nissan,Nissan Altima,1
Russell,2026-03-01,Honda,Honda CRV,1
Russell,2026-04-01,Hyundai,Hyundai Sonata,1
Sabin,2026-01-01,Subaru,"Subaru Legacy, Legacy Outback",1
Sabin,2026-02-01,GMC,GMC Sierra,1
Sabin,2026-03-01,Dodge,Dodge Ram 1500,1
Sabin,2026-04-01,Nissan,"Nissan Pathfinder, Pathfinder Armada",1
Sabin,2026-04-01,Chevrolet,Chevrolet Tahoe,1
Sellwood-Moreland,2026-01-01,Jeep,Jeep Renegade,1
Sellwood-Moreland,2026-01-01,Honda,Honda Motorcycle,1
Sellwood-Moreland,2026-01-01,Toyota,Toyota Highlander,1
Sellwood-Moreland,2026-02-01,Dodge,"Dodge Caravan, Grand Caravan",1
Sellwood-Moreland,2026-03-01,Honda,"Honda Civic, CRX, Del Sol",1
Sellwood-Moreland,2026-04-01,Subaru,Subaru Forester,2
Sellwood-Moreland,2026-04-01,Nissan,Nissan Altima,1
Sellwood-Moreland,2026-04-01,Toyota,Toyota Camry,1
Sellwood-Moreland,2026-04-01,Mazda,Mazda CX9,1
South Burlingame,2026-01-01,Toyota,"Toyota Corolla, Corolla IM",1
South Portland,2026-01-01,Honda,"Honda Civic, CRX, Del Sol",1
South Portland,2026-01-01,Toyota,Toyota Land Cruiser,1
South Portland,2026-02-01,Hyundai,Hyundai Elantra,2
South Portland,2026-02-01,Volvo,Volvo XC60,1
South Portland,2026-02-01,Kia Motors Corp,Kia Motors Corp Sorrento,1
South Portland,2026-02-01,Kia Motors Corp,"Kia Motors Corp Forte, Forte Koup",1
South Portland,2026-02-01,Ford,Ford Fiesta,1
South Portland,2026-03-01,Mitsubishi,Mitsubishi Outlander,1
South Portland,2026-03-01,Ford,Ford C-MAX,1
South Portland,2026-03-01,Chevrolet,Chevrolet GMT,1
South Portland,2026-03-01,Toyota,Toyota Camry,1
South Portland,2026-04-01,Honda,"Honda Civic, CRX, Del Sol",2
South Portland,2026-04-01,Mercedes-Benz,Mercedes-Benz GLA Class,1
South Portland,2026-04-01,Hyundai,Hyundai Elantra,1
South Portland,2026-04-01,Volkswagen,Volkswagen Corrado,1
South Portland,2026-04-01,Kawasaki,Kawasaki Motorcycle,1
South Tabor,2026-01-01,Honda,Honda CRV,1
South Tabor,2026-01-01,Chevrolet,Chevrolet Malibu,1
South Tabor,2026-01-01,Toyota,Toyota RAV4,1
South Tabor,2026-01-01,Honda,Honda Pilot,1
South Tabor,2026-02-01,Subaru,"Subaru Legacy, Legacy Outback",1
South Tabor,2026-03-01,Kia Motors Corp,Kia Motors Corp Optima,1
South Tabor,2026-03-01,Hyundai,Hyundai Tucson,1
Southwest Hills,2026-01-01,Ford,Ford Transit Connect,1
Southwest Hills,2026-02-01,Toyota,Toyota Sequoia,1
St Johns,2026-01-01,Kia Motors Corp,Kia Motors Corp Rio,2
St Johns,2026-01-01,Hyundai,Hyundai Elantra,2
St Johns,2026-01-01,Freightliner Corp,Freightliner Corp Truck,2
St Johns,2026-01-01,Kia Motors Corp,Unknown,2
St Johns,2026-01-01,Unknown,Unknown,2
St Johns,2026-01-01,Kia Motors Corp,"Kia Motors Corp Forte, Forte Koup",1
St Johns,2026-01-01,GMC,GMC Sierra,1
St Johns,2026-01-01,Kawasaki,Kawasaki Motorcycle,1
St Johns,2026-01-01,Kia Motors Corp,Kia Motors Corp Sorrento,1
St Johns,2026-01-01,Honda,"Honda Accord, Accord Crosstour",1
St Johns,2026-01-01,Hyundai,Hyundai Sonata,1
St Johns,2026-01-01,Ford,Ford Contour,1
St Johns,2026-02-01,Mercedes-Benz,Mercedes-Benz E550,1
St Johns,2026-02-01,Harley Davidson,Harley Davidson Motorcycle,1
St Johns,2026-02-01,Hyundai,Hyundai Elantra,1
St Johns,2026-02-01,Nissan,Nissan Truck,1
St Johns,2026-02-01,Volkswagen,Volkswagen Scirocco,1
St Johns,2026-02-01,Honda,Honda Odyssey,1
St Johns,2026-03-01,Hyundai,Hyundai Tucson,2
St Johns,2026-03-01,Subaru,Subaru Forester,1
St Johns,2026-03-01,Jeep,Jeep Grand Cherokee,1
St Johns,2026-03-01,Honda,Honda FIT,1
St Johns,2026-03-01,Chevrolet,Chevrolet Colorado,1
St Johns,2026-03-01,Freightliner Corp,Freightliner Corp Truck,1
St Johns,2026-03-01,Chevrolet,"Chevrolet Camaro, Berlinetta",1
St Johns,2026-03-01,Nissan,Nissan Versa,1
St Johns,2026-03-01,Hyundai,Hyundai Accent,1
St Johns,2026-03-01,Toyota,Toyota Camry,1
St Johns,2026-04-01,Hyundai,Hyundai Sonata,3
St Johns,2026-04-01,Honda,"Honda Civic, CRX, Del Sol",2
St Johns,2026-04-01,Vespa,Vespa Motorcycle,2
St Johns,2026-04-01,Kia Motors Corp,Unknown,2
St Johns,2026-04-01,Unknown,Unknown,2
St Johns,2026-04-01,Dodge,Dodge Ram 2500,1
St Johns,2026-04-01,Honda,"Honda Accord, Accord Crosstour",1
St Johns,2026-04-01,Kia Motors Corp,Kia Motors Corp Sedona,1
St Johns,2026-04-01,Dodge,Dodge Journey,1
St Johns,2026-04-01,Dodge,Dodge Ram 1500,1
St Johns,2026-04-01,Audi,Audi A6,1
St Johns,2026-04-01,Chevrolet,Chevrolet Tahoe,1
Sullivan's Gulch,2026-01-01,Subaru,Subaru Forester,1
Sullivan's Gulch,2026-01-01,Nissan,Nissan Truck,1
Sullivan's Gulch,2026-01-01,Volvo,Volvo 240 Series,1
Sullivan's Gulch,2026-02-01,GEO,GEO Tracker,1
Sullivan's Gulch,2026-02-01,Jeep,Jeep Cherokee,1
Sullivan's Gulch,2026-02-01,Chevrolet,Chevrolet S10,1
Sullivan's Gulch,2026-03-01,Kia Motors Corp,Kia Motors Corp Sportage,1
Sumner,2026-02-01,Cadillac,Cadillac Escalade,1
Sumner,2026-02-01,Chevrolet,Chevrolet Silverado,1
Sumner,2026-03-01,Toyota,Toyota FJ Cruiser,1
Sumner,2026-04-01,Hyundai,Hyundai Tucson,1
Sumner,2026-04-01,Hyundai,Hyundai Elantra,1
Sumner,2026-04-01,Hyundai,Hyundai Veloster,1
Sunderland,2026-01-01,Mazda,Mazda B2500,1
Sunnyside,2026-01-01,Honda,Honda CRV,1
Sunnyside,2026-01-01,Honda,"Honda Accord, Accord Crosstour",1
Sunnyside,2026-01-01,Subaru,"Subaru Impreza, Impreza Outback",1
Sunnyside,2026-01-01,Subaru,"Subaru Crosstrek, XV Crosstrek",1
Sunnyside,2026-01-01,Toyota,Toyota Tacoma,1
Sunnyside,2026-01-01,Subaru,"Subaru Legacy, Legacy Outback",1
Sunnyside,2026-01-01,Toyota,Toyota Sienna,1
Sunnyside,2026-02-01,Hyundai,Hyundai Elantra,2
Sunnyside,2026-02-01,Honda,Honda Element,1
Sunnyside,2026-02-01,Ford,Ford Ranger,1
Sunnyside,2026-02-01,Toyota,Toyota 4-Runner,1
Sunnyside,2026-02-01,Kia Motors Corp,Kia Motors Corp Rio,1
Sunnyside,2026-03-01,Ford,Ford Club Wagon E150,1
Sunnyside,2026-03-01,Subaru,"Subaru Legacy, Legacy Outback",1
Sunnyside,2026-03-01,Kia Motors Corp,Kia Motors Corp Optima,1
Sunnyside,2026-04-01,Subaru,Subaru Forester,2
Sunnyside,2026-04-01,Jeep,Jeep Cherokee,1
Sunnyside,2026-04-01,Triumph Motor Co,Triumph Motor Co Motorcycle,1
Sunnyside,2026-04-01,Suzuki,Suzuki Motorcycle,1
Sunnyside,2026-04-01,Volkswagen,Volkswagen Jetta,1
Sunnyside,2026-04-01,Mitsubishi,Mitsubishi Outlander,1
Sylvan-Highlands,2026-02-01,Kia Motors Corp,Kia Motors Corp Optima,1
Sylvan-Highlands,2026-03-01,Yamaha,Yamaha Motorcycle,1
University Park,2026-01-01,Kia Motors Corp,Kia Motors Corp Sportage,2
University Park,2026-01-01,Hyundai,Hyundai Elantra,2
University Park,2026-02-01,Dodge,Dodge Ram 1500,2
University Park,2026-02-01,Hyundai,Hyundai Elantra,1
University Park,2026-02-01,Kia Motors Corp,Kia Motors Corp Rio,1
University Park,2026-03-01,Hyundai,Hyundai Sonata,1
University Park,2026-03-01,Toyota,Toyota 4-Runner,1
University Park,2026-03-01,Toyota,Toyota Tundra,1
University Park,2026-03-01,Hyundai,Hyundai Elantra,1
University Park,2026-03-01,Subaru,"Subaru Legacy, Legacy Outback",1
University Park,2026-04-01,GMC,GMC Savana,1
University Park,2026-04-01,Lexus,Lexus IS300,1
University Park,2026-04-01,Chevrolet,Chevrolet Silverado,1
Vernon,2026-01-01,Hyundai,Hyundai Elantra,1
Vernon,2026-04-01,Kia Motors Corp,Kia Motors Corp Optima,3
Vernon,2026-04-01,Dodge,Dodge Ram 2500,1
Vernon,2026-04-01,Hyundai,Hyundai Elantra,1
West Portland Park,2026-04-01,Honda,"Honda Civic, CRX, Del Sol",1
Wilkes,2026-01-01,Kia Motors Corp,Kia Motors Corp Sorrento,1
Wilkes,2026-01-01,Hyundai,Hyundai Elantra,1
Wilkes,2026-01-01,Subaru,"Subaru Impreza, Impreza Outback",1
Wilkes,2026-01-01,Subaru,Subaru Outback Sport,1
Wilkes,2026-01-01,Honda,"Honda Civic, CRX, Del Sol",1
Wilkes,2026-02-01,Scion,Scion XD,1
Wilkes,2026-03-01,Hyundai,Hyundai Elantra,1
Wilkes,2026-03-01,Chevrolet,Chevrolet Silverado,1
Wilkes,2026-03-01,Toyota,Toyota Camry,1
Wilkes,2026-03-01,Subaru,Subaru Forester,1
Wilkes,2026-03-01,Mercedes-Benz,Mercedes-Benz G550 or GL550,1
Wilkes,2026-03-01,Dodge,Dodge Ram 2500,1
Wilkes,2026-03-01,Nissan,Nissan Sentra,1
Wilkes,2026-04-01,Kia Motors Corp,Kia Motors Corp Soul,1
Wilkes,2026-04-01,Ford,Ford F250,1
Wilkes,2026-04-01,Kia Motors Corp,Kia Motors Corp Seltos,1
Wilkes,2026-04-01,Toyota,Toyota Camry,1
Wilkes,2026-04-01,Hyundai,Hyundai Elantra,1
Woodlawn,2026-01-01,Kenworth Motor Truck Co,Kenworth Motor Truck Co Truck,2
Woodlawn,2026-01-01,Hyundai,Hyundai Accent,1
Woodlawn,2026-01-01,Hyundai,Hyundai Sonata,1
Woodlawn,2026-01-01,Infiniti,Infiniti Q50,1
Woodlawn,2026-02-01,Honda,Honda CRV,1
Woodlawn,2026-03-01,Hyundai,Hyundai Accent,1
Woodlawn,2026-03-01,Ford,Ford F150,1
Woodlawn,2026-03-01,Kia Motors Corp,Kia Motors Corp Sportage,1
Woodlawn,2026-03-01,Jeep,Jeep Grand Cherokee,1
Woodlawn,2026-03-01,Chevrolet,Chevrolet Tahoe,1
Woodlawn,2026-04-01,Tesla Motors,Tesla Motors Model S,1
Woodlawn,2026-04-01,Hyundai,Hyundai Tucson,1
Woodlawn,2026-04-01,Nissan,"Nissan Pathfinder, Pathfinder Armada",1
Woodstock,2026-01-01,GMC,GMC Sierra,1
Woodstock,2026-01-01,Audi,Audi Q7,1
Woodstock,2026-02-01,Chevrolet,Chevrolet Silverado,2
Woodstock,2026-02-01,Hyundai,Hyundai Elantra,1
Woodstock,2026-02-01,Toyota,Toyota RAV4,1
Woodstock,2026-02-01,Toyota,Toyota Corona,1
Woodstock,2026-02-01,Suzuki,Suzuki Motorcycle,1
Woodstock,2026-02-01,Kymco,Kymco Motorcycle,1
Woodstock,2026-03-01,Kia Motors Corp,Kia Motors Corp Sportage,1
Woodstock,2026-03-01,Honda,Honda Motorcycle,1
Woodstock,2026-03-01,Hyundai,Hyundai Elantra,1
Woodstock,2026-03-01,Honda,Honda Insight,1
Woodstock,2026-03-01,Toyota,Toyota Highlander,1
Woodstock,2026-04-01,Ford,Ford Econoline E250,1
Woodstock,2026-04-01,Toyota,Toyota Tacoma,1
