venue_slug,artist_name,event_date,billing_order,support_act
aladdin-theater,Alan Doyle,2026-05-16,1,The East Pointers (Duo)
aladdin-theater,Alice Phoebe Lou - Oblivion Tour,2026-04-27,1,John Andrews & The Yawns
aladdin-theater,Bill Frisell with Tim Angulo and Luke Bergman,2026-03-12,1,Charlie Hunter Trio
aladdin-theater,Blackwater Holylight,2026-03-11,1,The Prids
aladdin-theater,Blackwater Holylight,2026-03-11,2,SOM
aladdin-theater,Carsie Blanton,2026-09-18,1,The Burning Hell
aladdin-theater,Cass McCombs + Band,2026-04-05,1,Hand Habits
aladdin-theater,Chapterhouse: Whirlpool 35 - Performing their classic debut album in full,2026-05-26,1,The Asteroid No.4
aladdin-theater,Chris Ramsay Presents: It's Probably Nothing...,2026-08-15,1,Whitley Striebe and guest co-host Josh Polarity
aladdin-theater,Colony House - The 77 Tour,2026-03-18,1,mercury
aladdin-theater,Courtney Marie Andrews - The Valentine Tour,2026-04-09,1,Lou Hazel
aladdin-theater,Cut Worms,2026-05-01,1,Angela Autumn
aladdin-theater,Dar Williams,2026-04-04,1,Ruth Theodore
aladdin-theater,Deer Tick,2026-10-02,1,Presley Haile
aladdin-theater,Elias Rønnenfelt & Evanora Unlimited,2026-05-18,1,John FM
aladdin-theater,Eliza McLamb - Good Story Tour,2026-04-01,1,Lily Seabird
aladdin-theater,Faetooth,2026-05-11,1,Iress
aladdin-theater,Faetooth,2026-05-11,2,Nightosphere
aladdin-theater,Frankie Cosmos - Celebrating 10 Years of Next Thing,2026-10-25,1,Coral Grief
aladdin-theater,G. Love & Special Sauce - Lemonade 20th Anniversary Tour,2026-03-06,1,MAKUA
aladdin-theater,Heavenly,2026-06-26,1,The Umbrellas
aladdin-theater,Heavenly,2026-06-26,2,Swansea Sound
aladdin-theater,Hermanos Gutiérrez,2026-09-29,1,Y La Bamba
aladdin-theater,Hiss Golden Messenger - I'm People Tour,2026-10-09,1,Sam Amidon
aladdin-theater,Hovvdy,2026-10-16,1,Emma Ogier
aladdin-theater,Iris DeMent,2026-04-24,1,Ana Egge
aladdin-theater,Jake Xerxes Fussell,2026-11-05,1,Dougie Poole
aladdin-theater,James McMurtry and the Martial Law Review,2026-07-28,1,Bettysoo
aladdin-theater,Joanne Shaw Taylor,2026-11-15,1,Robert John and the Wreck
aladdin-theater,Jonah Kagen,2026-03-14,1,Anna Graves
aladdin-theater,King Buffalo,2026-11-02,1,L.A. Witch
aladdin-theater,Last Dinosaurs Wellness 10YR Anniversary Tour,2026-03-10,1,elmjack
aladdin-theater,Olivia O'Brien Presents: The PIXIE Tour,2026-08-16,1,Sophie Cates
aladdin-theater,Perfume Genius (Duo),2026-09-29,1,Dan English
aladdin-theater,Phillip Phillips,2026-10-06,1,Elias Hix
aladdin-theater,Pokey LaFarge,2026-12-11,1,Cicada Rhythm
aladdin-theater,Racing Mount Pleasant,2026-06-09,1,Isobel
aladdin-theater,Ratboys - When the Sun Explodes Tour 2026,2026-04-08,1,villagerrr
aladdin-theater,Rhododendron,2026-05-30,1,Sea Moss
aladdin-theater,Shinyribs,2026-07-17,1,Schaefer Llana
aladdin-theater,Sleepytime Gorilla Museum,2026-05-29,1,Gumby's Junk
aladdin-theater,Son Lux,2026-10-04,1,mmeadows
aladdin-theater,Son Volt,2026-11-14,1,Kelly Willis
aladdin-theater,Southern Culture on the Skids,2026-09-05,1,Poi Rogers
aladdin-theater,Squirrel Flower,2026-11-11,1,Sour Widows
aladdin-theater,The Builders and the Butchers Album Release (featuring members of the Portland Cello Project),2026-04-16,1,The Shivas
aladdin-theater,The Builders and the Butchers Album Release (featuring members of the Portland Cello Project),2026-04-16,2,Jared Mees and The Grown Children
aladdin-theater,The Dear Hunter - The Road to Sunya Tour 2026,2026-05-04,1,Closure In Moscow
aladdin-theater,The Dear Hunter - The Road to Sunya Tour 2026,2026-05-04,2,K Sera
aladdin-theater,The New Pornographers,2026-05-09,1,Will Sheff (of Okkervil River)
aladdin-theater,The Psychology of Serial Killers,2026-04-12,1,Dr. Rachel Toles
aladdin-theater,The Record Company - Give It Back To You 10th Anniversary Tour,2026-03-19,1,Jontavious Willis
aladdin-theater,The Strike,2026-08-03,1,Kids That Fly
aladdin-theater,The Strumbellas - Into Dust Tour,2026-03-09,1,Hotel Fiction
aladdin-theater,The Weather Machine,2026-05-23,1,Reb & the Good News
aladdin-theater,This is Lorelei,2026-10-19,1,Colin Miller
aladdin-theater,Tigers Jaw,2026-06-13,1,Pool Kids
aladdin-theater,Tigers Jaw,2026-06-13,2,Bleary Eyed
aladdin-theater,Toad the Wet Sprocket - Rings: The Acoustic Tour,2026-10-11,1,Willy Porter
aladdin-theater,VUNDABAR – 'Gawk' 10 Year Anniversary Tour,2026-05-27,1,Goon
aladdin-theater,WU LYF,2026-07-29,1,Bondo
aladdin-theater,White Reaper x Drug Church,2026-03-24,1,Spy
aladdin-theater,White Reaper x Drug Church,2026-03-24,2,Death Lens
aladdin-theater,Yumi Zouma,2026-05-14,1,Ducks Ltd.
aladdin-theater,femtanyl,2026-03-30,1,Sixwing
aladdin-theater,femtanyl,2026-03-30,2,takihasdied
aladdin-theater,mclusky,2026-03-28,1,Ekko Astral
crystal-ballroom,Altın Gün North America Tour 2026,2026-09-09,1,Alex Maas
crystal-ballroom,American Football,2026-05-20,1,Mei Semones
crystal-ballroom,Die Spitz,2026-08-09,1,Cashier
crystal-ballroom,Jesse Welles - Under The Powerlines 2026,2026-03-20,1,S.G. Goodman
crystal-ballroom,Matt Berninger,2026-03-09,1,Ronboy
crystal-ballroom,Russian Circles,2026-11-14,1,Primitive Man
crystal-ballroom,The Black Angels: Passover 2026 Tour,2026-11-10,1,GHOSTWOMAN
hawthorne-theatre,ARIES – GLASS JAW World Tour,2026-03-21,1,Tiffany Day
hawthorne-theatre,Arrows in Action – I Think We've Toured Here Before,2026-10-02,1,Good Boy Daisy
hawthorne-theatre,Arrows in Action – I Think We've Toured Here Before,2026-10-02,2,Instant Crush
hawthorne-theatre,Bear Ghost,2026-10-21,1,Sarah and the Safe Word
hawthorne-theatre,Bear Ghost,2026-10-21,2,Spaceman Bob
hawthorne-theatre,Belmont,2026-07-14,1,Major League
hawthorne-theatre,Belmont,2026-07-14,2,Spite House
hawthorne-theatre,Belmont,2026-07-14,3,all in ur head
hawthorne-theatre,Ben Quad,2026-03-27,1,Riley!
hawthorne-theatre,Ben Quad,2026-03-27,2,Aren't We Amphibians
hawthorne-theatre,Ben Quad,2026-03-27,3,Footballhead
hawthorne-theatre,Bike Routes,2026-04-02,1,Instant Crush
hawthorne-theatre,Bleed From Within – The Zenith Tour – North America,2026-04-21,1,Sylosis
hawthorne-theatre,Bleed From Within – The Zenith Tour – North America,2026-04-21,2,Great American Ghost
hawthorne-theatre,Bleed From Within – The Zenith Tour – North America,2026-04-21,3,Life Cycles
hawthorne-theatre,Boston Manor,2026-11-24,1,Ben Quad & Super Sometimes
hawthorne-theatre,Cydeways,2026-04-27,1,The Irie
hawthorne-theatre,Cydeways,2026-04-27,2,Native Leaves
hawthorne-theatre,"DEATH ANGEL – ""ACT III"" Tour",2026-06-16,1,Vio-lence
hawthorne-theatre,"DEATH ANGEL – ""ACT III"" Tour",2026-06-16,2,Incite
hawthorne-theatre,Dark Tranquillity x Soen,2026-04-04,1,Persefone
hawthorne-theatre,Driveways,2026-08-11,1,Like Roses
hawthorne-theatre,Driveways,2026-08-11,2,Action/Adventure
hawthorne-theatre,Em Beihold: Tales of a Failed Shapeshifter Tour,2026-06-12,1,Janani K. Jha
hawthorne-theatre,Emery — 20th anniversary of The Question,2026-03-07,1,As Cities Burn
hawthorne-theatre,Emery — 20th anniversary of The Question,2026-03-07,2,The Classic Crime
hawthorne-theatre,Ensiferum,2026-09-26,1,Firewind
hawthorne-theatre,Enter Shikari: North America 2026 *CANCELED*,2026-10-03,1,Initiate
hawthorne-theatre,Fear Factory – Cybernetic Domination Tour 2026,2026-11-21,1,Darkest Hour
hawthorne-theatre,Fear Factory – Cybernetic Domination Tour 2026,2026-11-21,2,Brotality
hawthorne-theatre,Fear Factory – Cybernetic Domination Tour 2026,2026-11-21,3,Ligature Marks
hawthorne-theatre,Finn Wolfhard,2026-10-16,1,Malcy
hawthorne-theatre,Finn Wolfhard,2026-10-17,1,Malcy
hawthorne-theatre,GZA – Celebrating 30 Years of Liquid Swords featuring PHUNKY NOMADS *RESCHEDULED DATE*,2026-05-12,1,Cool Nutz
hawthorne-theatre,GZA – Celebrating 30 Years of Liquid Swords featuring PHUNKY NOMADS *RESCHEDULED DATE*,2026-05-12,2,Mic Crenshaw with Mob Rule
hawthorne-theatre,GZA – Celebrating 30 Years of Liquid Swords featuring PHUNKY NOMADS *RESCHEDULED DATE*,2026-05-12,3,DJ Crush
hawthorne-theatre,Grace Enger – The Satisfied Girl Tour,2026-10-25,1,Aubory Bugg
hawthorne-theatre,I SEE STARS SPIN THE WHEEL TOUR,2026-03-25,1,MOTHICA
hawthorne-theatre,I SEE STARS SPIN THE WHEEL TOUR,2026-03-25,2,Until I Wake
hawthorne-theatre,I SEE STARS SPIN THE WHEEL TOUR,2026-03-25,3,DIAMANTE
hawthorne-theatre,I Set My Friends On Fire,2026-07-22,1,Strawberry Girls
hawthorne-theatre,I Set My Friends On Fire,2026-07-22,2,Current Comfort
hawthorne-theatre,I Set My Friends On Fire,2026-07-22,3,asthelifeleavesyoureyes
hawthorne-theatre,Icon For Hire: Scripted 15 Year Anniversary Tour,2026-11-04,1,Elijah
hawthorne-theatre,Icon For Hire: Scripted 15 Year Anniversary Tour,2026-11-04,2,Lauren Babic
hawthorne-theatre,Isaiah Falls,2026-09-10,1,RAAHiiM
hawthorne-theatre,Isaiah Falls,2026-09-10,2,Icee Red
hawthorne-theatre,Isaiah Falls,2026-09-10,3,Luxury Lane
hawthorne-theatre,Johnny Manchild & The Poor Bastards,2026-09-16,1,Friend of a Friend
hawthorne-theatre,Johnny Manchild & The Poor Bastards,2026-09-16,2,Karma and The Killjoys
hawthorne-theatre,Kxllswxtch – EYESORE Tour,2026-04-05,1,Warlord Colossus
hawthorne-theatre,Kxllswxtch – EYESORE Tour,2026-04-05,2,Druidess
hawthorne-theatre,L.A. Witch,2026-03-31,1,Daiistar
hawthorne-theatre,L.A. Witch,2026-03-31,2,Sun Atoms
hawthorne-theatre,Lou Deezi,2026-05-02,1,BanditTheMack
hawthorne-theatre,Lou Deezi,2026-05-02,2,OsoSuckaK
hawthorne-theatre,Lou Deezi,2026-05-02,3,Tinizee
hawthorne-theatre,Marietta,2026-06-02,1,Snowing
hawthorne-theatre,Marietta,2026-06-02,2,Awakebutstillinbed
hawthorne-theatre,Mattstagraham,2026-08-05,1,TRXVIS
hawthorne-theatre,Melrose Avenue,2026-05-09,1,Autumn Kings
hawthorne-theatre,Melrose Avenue,2026-05-09,2,Stray View
hawthorne-theatre,Militarie Gun,2026-10-11,1,Softcult
hawthorne-theatre,Militarie Gun,2026-10-11,2,Shady Nasty
hawthorne-theatre,Militarie Gun,2026-10-11,3,Dazy
hawthorne-theatre,Moon Walker's Wasteland Country Tour,2026-06-13,1,Pretoria
hawthorne-theatre,Moon Walker's Wasteland Country Tour,2026-06-13,2,Super Cassette
hawthorne-theatre,Nonpoint,2026-08-23,1,Spineshank
hawthorne-theatre,Nonpoint,2026-08-23,2,(hed) P.E.
hawthorne-theatre,Oakwood,2026-08-07,1,Circa 40
hawthorne-theatre,Oakwood,2026-08-07,2,My Better Half
hawthorne-theatre,Oakwood,2026-08-07,3,Stella
hawthorne-theatre,Of Virtue & Savage Hands,2026-07-28,1,Set For Tomorrow
hawthorne-theatre,Of Virtue & Savage Hands,2026-07-28,2,Sorry X
hawthorne-theatre,PawPaw Rod – Picture Day Tour,2026-09-04,1,femdot.
hawthorne-theatre,Prince Daddy & The Hyena,2026-05-20,1,Remo Drive
hawthorne-theatre,Prince Daddy & The Hyena,2026-05-20,2,Restraining Order
hawthorne-theatre,Rittz – Gr8ful Tour,2026-03-20,1,Dropout Kings
hawthorne-theatre,Scoochie Boochie,2026-03-22,1,Groovebox
hawthorne-theatre,Shadow of Intent – Imperium Delirium North American Tour 2026,2026-04-28,1,Angelmaker
hawthorne-theatre,Shadow of Intent – Imperium Delirium North American Tour 2026,2026-04-28,2,Mental Cruelty
hawthorne-theatre,Shadow of Intent – Imperium Delirium North American Tour 2026,2026-04-28,3,Synestia
hawthorne-theatre,Shayfer James – The Counterfeit Summoning Tour,2026-04-26,1,Maiah Wynne
hawthorne-theatre,Show Me The Body,2026-09-27,1,WHISPERS
hawthorne-theatre,Show Me The Body,2026-09-27,2,JIVEBOMB
hawthorne-theatre,Silent Theory,2026-05-04,1,Outlier
hawthorne-theatre,Silent Theory,2026-05-04,2,Discrepancies
hawthorne-theatre,Six Feet Under,2026-07-31,1,Kataklysm
hawthorne-theatre,Six Feet Under,2026-07-31,2,Wormhole
hawthorne-theatre,Skald,2026-07-02,1,The Bard
hawthorne-theatre,Skald,2026-07-02,2,Nolan Bryan Lynch
hawthorne-theatre,Spite,2026-05-29,1,Emmure
hawthorne-theatre,Spite,2026-05-29,2,Psycho-Frame
hawthorne-theatre,Spite,2026-05-29,3,Rev3rent
hawthorne-theatre,Struggle Jennings,2026-05-05,1,Savannah Rae
hawthorne-theatre,Sweet Pill – Still There's a Glow Tour,2026-04-07,1,Heart To Gold
hawthorne-theatre,Sweet Pill – Still There's a Glow Tour,2026-04-07,2,Spaced
hawthorne-theatre,"The Army, The Navy",2026-10-10,1,Ella Woolsey
hawthorne-theatre,The Casualties: Detonate Tour,2026-04-14,1,Bullshit Detector
hawthorne-theatre,The Frights,2026-09-20,1,Archer Oh
hawthorne-theatre,The Moss,2026-04-03,1,Rec Hall
hawthorne-theatre,The Summer Set,2026-04-08,1,Senses
hawthorne-theatre,The Summer Set,2026-04-08,2,Lindsay Ell
hawthorne-theatre,The Summer Set,2026-04-08,3,Good Boy Daisy
hawthorne-theatre,To The Grave + Crown Magnetar – The Sawed Off Suffering Tour,2026-10-13,1,Face Yourself
hawthorne-theatre,To The Grave + Crown Magnetar – The Sawed Off Suffering Tour,2026-10-13,2,I Declare War
hawthorne-theatre,VANA: THE LADY IN RED TOUR,2026-05-13,1,Cloudyfield
hawthorne-theatre,VANA: THE LADY IN RED TOUR,2026-05-13,2,Deadlands
hawthorne-theatre,VANA: THE LADY IN RED TOUR,2026-05-13,3,RedHook
hawthorne-theatre,WE THREE,2026-04-11,1,Eli Wilson
hawthorne-theatre,Witch Club Satan,2026-06-15,1,Patriarchy
hawthorne-theatre,redveil,2026-03-15,1,Chenayder
hawthorne-theatre,redveil,2026-03-15,2,Vary
mississippi-studios,ADULT.,2026-05-04,1,Donzii
mississippi-studios,ADULT.,2026-05-04,2,The Treasury
mississippi-studios,AJ Lee & Blue Summit,2026-03-20,1,Dadweed
mississippi-studios,Aaron Rowe,2026-08-02,1,Tommy McCrone
mississippi-studios,Accessory,2026-05-24,1,Facing
mississippi-studios,Ages and Ages,2026-03-06,1,Scarves
mississippi-studios,Alela Diane,2026-06-13,1,Shannon Lay
mississippi-studios,Anna Graves,2026-10-09,1,Trinity Jane
mississippi-studios,Anna Tivel,2026-05-02,1,Sam Weber
mississippi-studios,Ariel Posen,2026-09-21,1,Zach Person
mississippi-studios,Automatic,2026-10-11,1,Donzii
mississippi-studios,BIJOUX CONE (HOMECOMING SHOW),2026-03-19,1,Kye Alive
mississippi-studios,BIJOUX CONE (HOMECOMING SHOW),2026-03-19,2,Lucia Luna
mississippi-studios,BIJOUX CONE (HOMECOMING SHOW),2026-03-19,3,Starly Kind
mississippi-studios,Bad Bad Hats,2026-03-10,1,Margaux
mississippi-studios,Big Richard,2026-06-25,1,Minor Gold
mississippi-studios,Blu & Exile,2026-05-09,1,Rasheed Jamal
mississippi-studios,Blu & Exile,2026-05-09,2,spinitch (DJ set)
mississippi-studios,Buck Meek,2026-12-04,1,Kisser
mississippi-studios,By Storm - My Ghost Go Ghost,2026-06-10,1,Corridos Ketamina
mississippi-studios,Califone,2026-07-17,1,Corrina Repp
mississippi-studios,Chanel Beads,2026-09-26,1,Mechatok
mississippi-studios,Chanel Beads,2026-09-26,2,urika's bedroom
mississippi-studios,Colleen Green,2026-07-24,1,Samuel Globule
mississippi-studios,Colleen Green,2026-07-24,2,Mini Blinds
mississippi-studios,Coma Cinema & Trace Mountains,2026-05-13,1,Léna Bartels
mississippi-studios,Cory Branan (solo),2026-03-14,1,Kasey Anderson
mississippi-studios,Damien Jurado,2026-10-12,1,St. Yuma
mississippi-studios,Daniel Romano's Outfit,2026-04-30,1,Uni Boys
mississippi-studios,Daniela Andrade,2026-06-29,1,Brahny
mississippi-studios,Darkswoon (Album Release),2026-04-04,1,Altar Girl
mississippi-studios,Darkswoon (Album Release),2026-04-04,2,NYX Division
mississippi-studios,Days Of Bowie Presents: Black Country Rock,2026-05-30,1,Collin Hegna and The Outerspace Outlaws
mississippi-studios,Dazzling Killmen,2026-05-16,1,Point Line Plane
mississippi-studios,Dazzling Killmen,2026-05-16,2,Horsebag
mississippi-studios,Delicate Steve,2026-03-27,1,Aggie Miller
mississippi-studios,Elise Trouw presents: The Diary of Elon Lust Tour,2026-03-30,1,Shawna Pair
mississippi-studios,Fishbone - In Your Face 40th Anniversary Tour,2026-04-12,1,Bite Me Bambi
mississippi-studios,Flyte,2026-04-18,1,Samantha Crain
mississippi-studios,"Fox and Bones - ""Are We Still Having Fun"" Record Release",2026-09-24,1,Mr. Vale's Math Class
mississippi-studios,Fust & Merce Lemon,2026-03-31,1,Georgia Maq
mississippi-studios,Futurebirds - Far Out Country Tour,2026-07-23,1,Deloyd Elze
mississippi-studios,Girl in a Coma,2026-04-03,1,Skating Polly
mississippi-studios,Girl in a Coma,2026-04-03,2,Femme Cell
mississippi-studios,Glen Phillips (of Toad the Wet Sprocket),2026-05-15,1,Garrison Starr
mississippi-studios,Good Flying Birds,2026-09-17,1,Mesh
mississippi-studios,Good Flying Birds,2026-09-17,2,Nick Normal
mississippi-studios,Half Shadow (EP Release),2026-04-05,1,Tispur
mississippi-studios,Half Shadow (EP Release),2026-04-05,2,Swinging
mississippi-studios,Hippie Death Cult,2026-08-14,1,Abronia
mississippi-studios,Hit the Lights,2026-11-15,1,Forever Came Calling
mississippi-studios,Hit the Lights,2026-11-15,2,Fox Royale
mississippi-studios,Holy Fuck,2026-05-10,1,Memorials
mississippi-studios,"Ike Dweck - The ""Safe With Me"" Tour",2026-05-11,1,Zachy
mississippi-studios,Jay Si Proof,2026-05-08,1,Mr. Vale's Math Class
mississippi-studios,Jeffrey Silverstein,2026-07-19,1,Strange Pilgrim
mississippi-studios,Jeffrey Silverstein,2026-07-19,2,DJ Stonebunny
mississippi-studios,"John Craigie performs ""Help! The Lonely Beatles For Sale"" (Night 1)",2026-06-02,1,TBA
mississippi-studios,"John Craigie performs ""Help! The Lonely Beatles For Sale"" (Night 2)",2026-06-03,1,TBA
mississippi-studios,Joshua Ray Walker,2026-09-19,1,FABRIZIO
mississippi-studios,King Tuff,2026-05-05,1,Gabriel Bernini
mississippi-studios,Koonce Ross Fraser,2026-04-19,1,Kip Richardson and The Prose
mississippi-studios,La Luz,2026-08-21,1,Spacemoth
mississippi-studios,Liz Cooper,2026-03-26,1,Wes Parker
mississippi-studios,Local Love Letter #22: Gretta Seabird,2026-03-23,1,smilepile
mississippi-studios,Local Love Letter #22: Gretta Seabird,2026-03-23,2,Oklahoma Perfect
mississippi-studios,Local Love Letter #23: Guitar,2026-04-15,1,Chandler Trey Johnson
mississippi-studios,Local Love Letter #23: Guitar,2026-04-15,2,Lucky Star
mississippi-studios,Local Love Letter #24: Slender Gems,2026-05-28,1,Nug
mississippi-studios,Local Love Letter #24: Slender Gems,2026-05-28,2,Killmer
mississippi-studios,Local Love Letter #26: The Generals,2026-07-30,1,My New Vice
mississippi-studios,Local Love Letter #26: The Generals,2026-07-30,2,SuperSonic Explosionizer
mississippi-studios,Local Love Letter #27: Neilson Family (Album Release),2026-08-19,1,Gondos
mississippi-studios,Local Love Letter #27: Neilson Family (Album Release),2026-08-19,2,Baby Grendel
mississippi-studios,Mac Cornish (Album Release),2026-10-05,1,Barna Howard
mississippi-studios,Mama Sam & The Jam / Glam Country (Double Album Release),2026-09-16,1,Karl Kling (with band)
mississippi-studios,Man Man,2026-08-10,1,American Tomahawk
mississippi-studios,Margaret Glaspy - The I Am Both Tour,2026-11-14,1,Anna Tivel
mississippi-studios,Merle Law (Album Release),2026-06-28,1,ML Johnson
mississippi-studios,Merle Law (Album Release),2026-06-28,2,Ryan Oxford
mississippi-studios,Michigander,2026-10-06,1,Chapel
mississippi-studios,Never Come Down,2026-08-06,1,Tall Poppy String Band
mississippi-studios,Night Heron,2026-04-08,1,Mega Cat
mississippi-studios,Nitzer Ebb - USA 2026,2026-09-02,1,Lead Into Gold
mississippi-studios,Rickshaw Billie's Burger Patrol - Cash Grab Tour 2026,2026-04-20,1,American Sharks
mississippi-studios,"Rocketship: 30th anniversary celebration of ""A Certain Smile, A Certain Sadness""",2026-04-17,1,The Telephone Numbers
mississippi-studios,"Rocketship: 30th anniversary celebration of ""A Certain Smile, A Certain Sadness""",2026-04-17,2,Remedy & Wren
mississippi-studios,Roger Clyne & The Peacemakers - Hell To Breakfast Tour (Night 1),2026-11-07,1,Buffalo Jones
mississippi-studios,Roger Clyne & The Peacemakers - Hell To Breakfast Tour (Night 2),2026-11-08,1,Buffalo Jones
mississippi-studios,Ryan Davis & the Roadhouse Band,2026-07-01,1,Blurries
mississippi-studios,"STUMPFEST XI: ALL THEM WITCHES, DANNY CAREY TRIO, TERRY GROSS",2026-04-25,1,ROYAL THUNDER & BLACK MARE
mississippi-studios,"STUMPFEST XI: OLD MAN GLOOM, JAYE JAYLE, GUILTLESS",2026-04-23,1,TACOS! & SEMUTA
mississippi-studios,"STUMPFEST XI: TORCHE, DRUNK HORSE, DANAVA",2026-04-24,1,STAINLESS & BLADE
mississippi-studios,Satsang (Solo) - The Story of You 10 Year Anniversary Tour,2026-04-10,1,Joey Harkum
mississippi-studios,Silkworm,2026-08-22,1,Nina Nastasia
mississippi-studios,Sir Richard Bishop,2026-07-09,1,Liam Grant
mississippi-studios,Sir Richard Bishop,2026-07-09,2,William DeLee
mississippi-studios,Skullcrusher,2026-03-29,1,h.pruz
mississippi-studios,Son Little - CityFolk Tour 2026,2026-03-22,1,Tonina
mississippi-studios,Summer Cannibals,2026-04-11,1,Divers
mississippi-studios,Sweeping Promises,2026-09-20,1,The Intima
mississippi-studios,Sweeping Promises,2026-09-20,2,Public Pleasure
mississippi-studios,THE LOVETARIANS (Performing Spilt Milk),2026-07-03,1,Punchus (Primus tribute)
mississippi-studios,THE LOVETARIANS (Performing Spilt Milk),2026-07-03,2,Phil Ajjarapu
mississippi-studios,Temples: The BLISS Tour,2026-09-25,1,Poppy Jean Crawford
mississippi-studios,The Apricots,2026-07-10,1,Smokey Brights
mississippi-studios,The Apricots,2026-07-10,2,Chipped Nail Polish
mississippi-studios,The Barr Brothers - Let it Hiss Tour (Night 1),2026-03-24,1,Georgia Harmer
mississippi-studios,The Barr Brothers - Let it Hiss Tour (Night 2),2026-03-25,1,Georgia Harmer
mississippi-studios,The Body,2026-07-22,1,BIG|BRAVE
mississippi-studios,The Body,2026-07-22,2,Cinder Well
mississippi-studios,The Coffis Brothers,2026-03-07,1,Taylor Rae
mississippi-studios,The Family Crest,2026-07-07,1,Silvertongue
mississippi-studios,The Heeters,2026-08-27,1,dadweed
mississippi-studios,The Heeters,2026-08-27,2,Wren & Juniper Ingber
mississippi-studios,The Holdup - The BUYING TIME Tour,2026-10-17,1,Lot 49
mississippi-studios,The Holdup - The BUYING TIME Tour,2026-10-17,2,Dylan Reese
mississippi-studios,The Lostines,2026-07-16,1,Lucas Benoit
mississippi-studios,The Lostines,2026-07-16,2,Sequoia
mississippi-studios,"The Third Mind - featuring Dave Alvin, Jesse Sykes, Victor Krummenacher, Mark Karan and Michael Jerome",2026-03-13,1,!mindparade (trio)
mississippi-studios,The Wedding Present - Seamonsters 35th Anniversary Tour,2026-04-27,1,Mark Robinson sings Unrest
mississippi-studios,Tokyo Tea Room,2026-04-01,1,Myriads (duo)
mississippi-studios,Trinity Jane (Album Release),2026-04-26,1,Essie and The Hum
mississippi-studios,"Truly: Then, Today and Tomorrow Tour 2026",2026-03-05,1,King Youngblood
mississippi-studios,"Truly: Then, Today and Tomorrow Tour 2026",2026-03-05,2,Simple Forms
mississippi-studios,Twen,2026-04-22,1,Monsoon
mississippi-studios,Unsane,2026-09-18,1,CNTS
mississippi-studios,Unsane,2026-09-18,2,Gaytheist
mississippi-studios,WILLIS,2026-08-11,1,Zzzahara
mississippi-studios,WILLIS,2026-08-11,2,The Flooks
mississippi-studios,Wallice,2026-03-28,1,Lulu Simon
mississippi-studios,Water For Warm Springs Benefit: Barna Howard,2026-03-15,1,William Surly and The Barroom Gospel Band
mississippi-studios,Wednesday Night Special: Kyle Kinane,2026-10-28,1,Don Gavitte
mississippi-studios,Westerman,2026-04-06,1,Otto Benson
mississippi-studios,White Denim,2026-07-08,1,Arc Iris
mississippi-studios,Young Fresh Fellows,2026-04-09,1,Ecoh Ecoh Ecoh
polaris-hall,Acid Mothers Temple,2026-10-06,1,Magick Potion
polaris-hall,Anthony Green - This Tour Won't Save You,2026-08-04,1,Geoff Rickly
polaris-hall,Anthony Green - This Tour Won't Save You,2026-08-04,2,Keith Goodwin
polaris-hall,Ashes To Amber,2026-04-29,1,Nature TV
polaris-hall,Austin TV,2026-08-02,1,Blesst Chest
polaris-hall,Babe Haven,2026-11-23,1,Spaced
polaris-hall,Babe Haven,2026-11-23,2,Scarlet Demore
polaris-hall,Bedouine,2026-10-23,1,Other Delights
polaris-hall,Brotherkenzie,2026-07-12,1,Dirt Buyer
polaris-hall,Carly Cosgrove,2026-04-02,1,Leisure Hour
polaris-hall,Carly Cosgrove,2026-04-02,2,Summerbruise
polaris-hall,Chinese American Bear,2026-07-23,1,Camp Crush
polaris-hall,DWLLRS: One of Those Nights Tour,2026-08-19,1,thebandfriday
polaris-hall,Death Lens,2026-08-29,1,Heart to Gold
polaris-hall,Death Lens,2026-08-29,2,Grave Secrets
polaris-hall,Deradoorian,2026-08-12,1,Warm Static
polaris-hall,Earth to Eve,2026-07-15,1,Hayley Lynn Duo
polaris-hall,Easy Honey,2026-05-07,1,Jack Shield & The Mojave Rush
polaris-hall,Ella Red - TOUR'S NOT REAL: PART 2,2026-08-13,1,Zoe Ko
polaris-hall,Field Medic,2026-05-04,1,Beaming
polaris-hall,Friko - Something Worth Waiting For: The Tour,2026-09-24,1,villagerrr
polaris-hall,GATECREEPER,2026-05-18,1,Eternal
polaris-hall,GATECREEPER,2026-05-18,2,Dying Remains
polaris-hall,GATECREEPER,2026-05-18,3,Denial of Life
polaris-hall,Getdown Services,2026-04-22,1,Litronix
polaris-hall,Gia Margaret is on tour s i n g i n g,2026-06-21,1,with Brendan Eder Ensemble
polaris-hall,Glom,2026-05-19,1,Buffchick
polaris-hall,Go Kurosawa,2026-04-04,1,Ben Hackett
polaris-hall,Go Kurosawa,2026-04-04,2,Barry Walker Unit
polaris-hall,Good Terms,2026-08-23,1,Stateside
polaris-hall,Good Terms,2026-08-23,2,Swiss Army Wife
polaris-hall,Good Terms,2026-08-23,3,All Hype
polaris-hall,Greg Mendez,2026-08-14,1,Maria BC
polaris-hall,Greg Mendez,2026-08-14,2,Mealworm
polaris-hall,Gurriers,2026-03-09,1,Jewelry Exchange
polaris-hall,JOEY CASH,2026-06-29,1,Surgery Season
polaris-hall,"John Craigie performs ""Help! The Lonely Beatles For Sale""",2026-06-04,1,TBA
polaris-hall,Kelsy Karter & The Heroines: The Pleasure Tour,2026-07-01,1,Frankie and the Studs
polaris-hall,Kevian Kraemer,2026-07-27,1,Closebye
polaris-hall,Kevin Atwater - Blush Red Tour,2026-09-11,1,Ruby Plume
polaris-hall,Kill Bill: The Rapper,2026-07-09,1,Ashtin Larold
polaris-hall,Kill Lincoln + JER + BAD OPERATION - Bad Time Records Tour '26,2026-03-14,1,Sorry Sweetheart
polaris-hall,Kyle Hume,2026-04-14,1,Jude Barclay
polaris-hall,LOVE SPELLS - LOVE IS THE LAW WORLD TOUR,2026-10-10,1,Orcas
polaris-hall,Lala Lala,2026-03-17,1,Lots of Hands
polaris-hall,Landon Conrath,2026-03-24,1,Abby Holliday
polaris-hall,Laura Veirs,2026-10-24,1,Karl Blau
polaris-hall,Lip Critic,2026-06-09,1,Flatwounds
polaris-hall,Lip Critic,2026-06-09,2,Bejalvin
polaris-hall,Lowertown,2026-05-23,1,Micah Preite
polaris-hall,MOVED TO ALADDIN THEATER: Faetooth,2026-05-11,1,Iress
polaris-hall,MOVED TO ALADDIN THEATER: Faetooth,2026-05-11,2,Nightosphere
polaris-hall,MOVED TO ALADDIN THEATER: femtanyl,2026-03-30,1,takihasdied
polaris-hall,Marshall Crenshaw,2026-04-15,1,James Mastro
polaris-hall,Meltt,2026-09-22,1,Low Hum
polaris-hall,Night Cap,2026-03-23,1,Flight by Nothing
polaris-hall,Pearly Drops,2026-03-25,1,Teather
polaris-hall,Perry Maysun – A Very Pathetic Tour,2026-06-22,1,Isaiah Poet
polaris-hall,Porcelain,2026-08-09,1,Yudai
polaris-hall,REZN - Cycles in the Infinite Dream Tour,2026-10-21,1,Folian
polaris-hall,Rosebud Baker (Night 1),2026-03-06,1,Billie Lee
polaris-hall,Rosebud Baker (Night 1),2026-03-06,2,Ally J. Ward
polaris-hall,Rosebud Baker (Night 2),2026-03-07,1,Billie Lee
polaris-hall,Rosebud Baker (Night 2),2026-03-07,2,Ally J. Ward
polaris-hall,SINCERE ENGINEER - The Probable Claws Tour,2026-07-14,1,Ways Away
polaris-hall,SINCERE ENGINEER - The Probable Claws Tour,2026-07-14,2,Smug LLC
polaris-hall,SUSS,2026-05-08,1,Ann Annie
polaris-hall,Saintseneca & Gladie,2026-03-29,1,Kelly's Future
polaris-hall,Snõõper,2026-07-20,1,Happy Death Men
polaris-hall,Snõõper,2026-07-20,2,Conspire
polaris-hall,Snõõper,2026-07-20,3,Keddies Resort
polaris-hall,Solya,2026-06-26,1,Tele Novella
polaris-hall,Solya,2026-09-23,1,Tele Novella
polaris-hall,Soul Blind,2026-04-25,1,Split Chain
polaris-hall,Soul Blind,2026-04-25,2,Downward
polaris-hall,Soul Blind,2026-04-25,3,Dream Fatigue
polaris-hall,Spiritual Cramp,2026-03-16,1,Bass Drum of Death
polaris-hall,Spiritual Cramp,2026-03-16,2,Fentanyl
polaris-hall,Spiritual Cramp,2026-03-16,3,Amusement
polaris-hall,Starcrawler,2026-07-25,1,Sluttony
polaris-hall,Sword II,2026-03-28,1,Tex Patrello
polaris-hall,The Belair Lip Bombs x dust,2026-03-26,1,Laveda
polaris-hall,The Delines,2026-04-10,1,Forrest VanTuyl
polaris-hall,The Thing,2026-03-27,1,The Macks
polaris-hall,The Thing,2026-03-27,2,Club Deluxe
polaris-hall,Tommy Newport - Face to Face Tour,2026-07-31,1,Murdo Mitchell
polaris-hall,Vacation Manor,2026-07-21,1,Nolen Durham
polaris-hall,Wic Whitney,2026-07-16,1,Zach Lloyd
polaris-hall,Will Varley,2026-10-05,1,Beans on Toast
polaris-hall,Willowake,2026-08-17,1,Growing Pains
polaris-hall,lowercase,2026-06-11,1,Thrones
polaris-hall,lowercase,2026-06-11,2,Caustic Resin
polaris-hall,runo plum - Patching Tour,2026-03-22,1,Aubory Bugg
polaris-hall,sace6,2026-07-22,1,Shyeye
revolution-hall,ALDOUS HARDING,2026-09-24,1,Sam Burton
revolution-hall,"AN EVENING WITH JOHN SCOFIELD'S ""ELECTROSPECTIVE""",2026-11-03,1,OTEIL BURBRIDGE
revolution-hall,"AN EVENING WITH JOHN SCOFIELD'S ""ELECTROSPECTIVE""",2026-11-03,2,LARRY GOLDINGS & ADAM DEITCH
revolution-hall,"Aimee Mann, 22 ½ Lost In Space Anniversary Tour with Jonathan Coulton (Night 1)",2026-03-12,1,Jonathan Coulton
revolution-hall,"Aimee Mann, 22 ½ Lost In Space Anniversary Tour with Jonathan Coulton (Night 2)",2026-03-13,1,Jonathan Coulton
revolution-hall,Ashley Cooke: The Baby Blues Tour,2026-10-15,1,Aniston Pate
revolution-hall,Bad Nerves,2026-08-02,1,The Death Chat
revolution-hall,Bahamas - Industrial Sport & Sound,2026-11-04,1,Sister Ray
revolution-hall,Benjamin Tod & Lost Dog Street Band (Night 1),2026-07-24,1,Kelsey Waldon
revolution-hall,Benjamin Tod & Lost Dog Street Band (Night 2),2026-07-25,1,Kelsey Waldon
revolution-hall,Benjamin Tod and the Inline Six 2026 Tour (Night 1),2026-07-24,1,Kelsey Waldon
revolution-hall,Benjamin Tod and the Inline Six 2026 Tour (Night 2),2026-07-25,1,Kelsey Waldon
revolution-hall,Bill Callahan,2026-08-25,1,Lonnie Holley
revolution-hall,Boy Harsher,2026-10-09,1,True Blue
revolution-hall,Boy Harsher,2026-10-09,2,Kassie Krut
revolution-hall,Chat Pile - Who Loves The Sun Tour 2026,2026-09-27,1,Soul Glo
revolution-hall,Chat Pile - Who Loves The Sun Tour 2026,2026-09-27,2,Virga
revolution-hall,Cola,2026-09-20,1,Artificial Go
revolution-hall,DANCE WITH THE DEAD + MAGIC SWORD - The Face Off Tour 2026,2026-05-30,1,Megan McDuffee
revolution-hall,DRIVE-BY TRUCKERS - HeAthens Homecoming West 2026 (Night 1),2026-11-12,1,The Minus 5
revolution-hall,DRIVE-BY TRUCKERS - HeAthens Homecoming West 2026 (Night 2),2026-11-13,1,Møtrik
revolution-hall,DRIVE-BY TRUCKERS - HeAthens Homecoming West 2026 (Night 3),2026-11-14,1,The Delines
revolution-hall,"DeVotchKa ""A Tribute to the Music of Little Miss Sunshine""",2026-07-31,1,Black Viiolet
revolution-hall,Death From Above 1979 - Private Lives Tour,2026-10-29,1,Wine Lips
revolution-hall,Failure: Rising Skyline 2026,2026-10-04,1,quannnic
revolution-hall,Fiddlehead,2026-07-15,1,Narrow Head
revolution-hall,Fiddlehead,2026-07-15,2,Knumears
revolution-hall,Fiddlehead,2026-07-15,3,Destiny Bond
revolution-hall,Free Throw - Moments Before The Wind Tour,2026-04-19,1,Macseal
revolution-hall,Free Throw - Moments Before The Wind Tour,2026-04-19,2,TRSH
revolution-hall,Free Throw - Moments Before The Wind Tour,2026-04-19,3,wakelee
revolution-hall,Gary Numan North American Fall Tour 2026,2026-11-20,1,TREMOURS
revolution-hall,GoldFord,2026-04-05,1,Rett Madison
revolution-hall,Hot Flash Heat Wave,2026-10-11,1,Carpool Tunnel
revolution-hall,Indigo De Souza,2026-03-09,1,Mothé
revolution-hall,Iron & Wine,2026-10-12,1,Ken Pomeroy
revolution-hall,JOSEPH - Closer to Happy Tour,2026-03-05,1,Sarah Klang
revolution-hall,Jane Remover - Live Exhibit,2026-10-06,1,Dazegxd
revolution-hall,Jeff Tweedy - Twilight Override Tour (Night 1),2026-03-31,1,Liam Kazar
revolution-hall,Jeff Tweedy - Twilight Override Tour (Night 2),2026-04-01,1,Sima Cunningham
revolution-hall,KIM GORDON - PLAY ME TOUR,2026-07-26,1,SASAMI
revolution-hall,Kevin Morby - Little Wide Open Tour,2026-05-19,1,Liam Kazar
revolution-hall,Kurt Vile And The Violators,2026-07-02,1,Ryan Davis + The Roadhouse Band
revolution-hall,La Dispute,2026-05-02,1,From Indian Lakes
revolution-hall,La Dispute,2026-05-02,2,Flooding
revolution-hall,"Lucero: Celebrating ""That Much Further West""",2026-07-10,1,Thomas Dollbaum
revolution-hall,Maggie Lindemann,2026-03-18,1,Ayleen Valentine
revolution-hall,Melody's Echo Chamber – Unclouded Tour,2026-05-22,1,Strange Lot
revolution-hall,Mount Eerie,2026-09-10,1,Tom Blood
revolution-hall,Nick Lowe - Way Out West,2026-04-04,1,The Cactus Blossoms
revolution-hall,Nothing,2026-03-21,1,Full Body 2
revolution-hall,Nothing,2026-03-21,2,Cryogeyser
revolution-hall,Nothing,2026-03-21,3,VMO
revolution-hall,Oh Wonder - Songs at the Piano,2026-05-01,1,WRABEL
revolution-hall,Old 97's,2026-08-01,1,River Shook
revolution-hall,Pavement,2026-07-18,1,Street Nights
revolution-hall,Pigeons Playing Ping Pong - Fall Tour 2026,2026-10-24,1,Sqwerv
revolution-hall,Plini - An Unnameable Desire North American Tour,2026-11-01,1,Night Verses
revolution-hall,Plini - An Unnameable Desire North American Tour,2026-11-01,2,Portraits
revolution-hall,Rx Bandits - And The Battle Begun 20th Anniversary Tour,2026-06-23,1,Maps & Atlases
revolution-hall,Samantha Fish - Paper Doll Live World Tour,2026-09-29,1,Zac Schulze Gang
revolution-hall,She Wants Revenge,2026-10-13,1,Rosegarden Funeral Party
revolution-hall,Slothrust: The Dystopian Theatre Tour,2026-11-02,1,Um
revolution-hall,Slothrust: The Dystopian Theatre Tour,2026-11-02,2,Jennifer?
revolution-hall,Slow Pulp,2026-10-23,1,Snuggle
revolution-hall,Team Dresch (Record Release Show),2026-10-28,1,heavens to betsy
revolution-hall,Team Dresch (Record Release Show),2026-10-28,2,Altar Girl
revolution-hall,The Dillinger Escape Plan - Final Calculating Infinity Shows,2026-10-25,1,XCOMM
revolution-hall,The Dillinger Escape Plan - Final Calculating Infinity Shows,2026-10-25,2,Squid Pisser
revolution-hall,The Floozies,2026-05-08,1,Mocha
revolution-hall,The Floozies,2026-05-08,2,Bray Radbury
revolution-hall,The Infamous Stringdusters,2026-09-11,1,Silas Herman & The Tone Unit
revolution-hall,The Menzingers: Everything I Ever Saw North American Tour,2026-10-08,1,Hot Water Music
revolution-hall,The Menzingers: Everything I Ever Saw North American Tour,2026-10-08,2,Weakened Friends
revolution-hall,The Milk Carton Kids Fall Tour,2026-10-07,1,Paper Wings
revolution-hall,The Wallflowers - Bringing Down the Horse 30th Anniversary Tour,2026-04-17,1,Aaron Lee Tasjan
revolution-hall,The Wonder Years,2026-03-24,1,Knuckle Puck
revolution-hall,The Wonder Years,2026-03-24,2,Initiate
revolution-hall,WOLFMOTHER – 20th Anniversary Tour,2026-07-03,1,Love Gang
revolution-hall,Wednesday Bleeds Tour 2026 (Night 1),2026-04-21,1,Gouge Away
revolution-hall,Wednesday Bleeds Tour 2026 (Night 2),2026-04-22,1,Gouge Away
revolution-hall,Wild Nothing - 'Gemini' Anniversary Tour,2026-05-14,1,Lunar Vacation
roseland-theater,AFI,2026-04-17,1,Choir Boy
roseland-theater,Alex G,2026-05-10,1,Agriculture
roseland-theater,Alex G,2026-05-11,1,Agriculture
roseland-theater,Alison Wonderland Presents Ghost World,2026-03-06,1,WINK
roseland-theater,Alison Wonderland Presents Ghost World,2026-03-06,2,KyMo
roseland-theater,Alter Bridge – What Lies Within Tour,2026-11-24,1,Big Wreck
roseland-theater,Alter Bridge – What Lies Within Tour,2026-11-24,2,Tim Montana
roseland-theater,Archspire: Long Roads Big Loads Tour,2026-06-05,1,Undeath
roseland-theater,Archspire: Long Roads Big Loads Tour,2026-06-05,2,Crown Magnetar
roseland-theater,Archspire: Long Roads Big Loads Tour,2026-06-05,3,Mutilation Barbecue
roseland-theater,BOYS LIKE GIRLS – The Soundtrack Of Your Life Tour,2026-05-07,1,iDKHOW
roseland-theater,BOYS LIKE GIRLS – The Soundtrack Of Your Life Tour,2026-05-07,2,Arrows in Action
roseland-theater,Basement,2026-10-28,1,High Vis
roseland-theater,Basement,2026-10-28,2,Big Boy
roseland-theater,Basement,2026-10-28,3,First Day Back
roseland-theater,Behemoth: The Godless IV 2026,2026-04-18,1,Deicide
roseland-theater,Behemoth: The Godless IV 2026,2026-04-18,2,Rotting Christ
roseland-theater,Behemoth: The Godless IV 2026,2026-04-18,3,Immolation
roseland-theater,CHAOS & CARNAGE 2026 w/ THY ART IS MURDER + CARNIFEX + BODYSNATCHER + SPECIAL GUESTS,2026-05-27,1,200 Stab Wounds
roseland-theater,CHAOS & CARNAGE 2026 w/ THY ART IS MURDER + CARNIFEX + BODYSNATCHER + SPECIAL GUESTS,2026-05-27,2,Ingested
roseland-theater,CHAOS & CARNAGE 2026 w/ THY ART IS MURDER + CARNIFEX + BODYSNATCHER + SPECIAL GUESTS,2026-05-27,3,Gates to Hell
roseland-theater,CHAOS & CARNAGE 2026 w/ THY ART IS MURDER + CARNIFEX + BODYSNATCHER + SPECIAL GUESTS,2026-05-27,4,Bodybox
roseland-theater,Cabaret Voltaire,2026-05-08,1,I Speak Machine
roseland-theater,Castle Rat: Summon The Beasts Tour 2026,2026-10-06,1,Unto Others
roseland-theater,Castle Rat: Summon The Beasts Tour 2026,2026-10-06,2,Wraith Knight
roseland-theater,Catch Your Breath – Not Broken Enough Tour,2026-10-27,1,TX2
roseland-theater,Catch Your Breath – Not Broken Enough Tour,2026-10-27,2,Arankai
roseland-theater,Catch Your Breath – Not Broken Enough Tour,2026-10-27,3,Colorblind
roseland-theater,Channel Tres – The Enigma Tour,2026-10-01,1,KILIMANJARO
roseland-theater,Chelsea Wolfe: THE DARK World Tour,2026-09-20,1,Jonathan Hultén
roseland-theater,DRAIN,2026-04-15,1,No Pressure
roseland-theater,DRAIN,2026-04-15,2,Haywire
roseland-theater,DRAIN,2026-04-15,3,Secret World
roseland-theater,DYING FETUS & SANGUISUGABOGG,2026-10-05,1,Crowbar
roseland-theater,DYING FETUS & SANGUISUGABOGG,2026-10-05,2,Left To Suffer
roseland-theater,DYING FETUS & SANGUISUGABOGG,2026-10-05,3,Deterioration
roseland-theater,ERRA & Currents: The Silence Follows Tour 2026,2026-04-08,1,Caskets
roseland-theater,ERRA & Currents: The Silence Follows Tour 2026,2026-04-08,2,Aviana
roseland-theater,Elder,2026-09-22,1,Blackwater Holylight
roseland-theater,Emery — 20th anniversary of The Question,2026-03-07,1,As Cities Burn
roseland-theater,Emery — 20th anniversary of The Question,2026-03-07,2,The Classic Crime
roseland-theater,Freddie Dredd – Back to Hell Tour,2026-04-19,1,Germ
roseland-theater,Freddie Dredd – Back to Hell Tour,2026-04-19,2,Cursed
roseland-theater,GWAR,2026-04-14,1,Soulfly
roseland-theater,GWAR,2026-04-14,2,King Parrot
roseland-theater,HEALTH x CARPENTER BRUT,2026-04-03,1,Desire
roseland-theater,Hawthorne Heights – 20th anniversary of If Only You Were Lonely,2026-03-18,1,letlive.
roseland-theater,Hawthorne Heights – 20th anniversary of If Only You Were Lonely,2026-03-18,2,Creeper
roseland-theater,I LOVE YOU BUT… I CHOSE THE MAINE,2026-04-01,1,Grayscale
roseland-theater,I LOVE YOU BUT… I CHOSE THE MAINE,2026-04-01,2,Nightly
roseland-theater,I LOVE YOU BUT… I CHOSE THE MAINE,2026-04-01,3,Franklin Jonas & The Byzantines
roseland-theater,Igorrr: North American Tour 2026,2026-09-30,1,Secret Chiefs 3
roseland-theater,Igorrr: North American Tour 2026,2026-09-30,2,Violent Magic Orchestra
roseland-theater,JPEGMAFIA: the Experimental Rap Tour,2026-09-26,1,redveil
roseland-theater,JPEGMAFIA: the Experimental Rap Tour,2026-09-26,2,Matt Proxy
roseland-theater,Joyce Manor,2026-05-13,1,Militarie Gun
roseland-theater,Joyce Manor,2026-05-13,2,Teen Mortgage
roseland-theater,Joyce Manor,2026-05-13,3,Combat
roseland-theater,Julia Wolf – Deep End World Tour,2026-10-20,1,Bee Blackwell
roseland-theater,Killswitch Engage,2026-09-28,1,Machine Head
roseland-theater,Killswitch Engage,2026-09-28,2,Rivers of Nihil
roseland-theater,Killswitch Engage,2026-09-28,3,Judiciary
roseland-theater,Lauren Spencer Smith – THE ART OF BEING A MESS TOUR,2026-03-21,1,Sofia Camara
roseland-theater,Marcus King Band,2026-07-15,1,Penelope Road
roseland-theater,Medium Build Presents The King of Having Fun on Tour,2026-10-29,1,Merle Law
roseland-theater,Microwave,2026-04-04,1,Anthony Green
roseland-theater,Microwave,2026-04-04,2,Hunny
roseland-theater,Microwave,2026-04-04,3,Pure Hex
roseland-theater,Mom Jeans,2026-10-17,1,Harrison Gordon
roseland-theater,Mom Jeans,2026-10-17,2,Sobs
roseland-theater,Passion Pit – The Pretty Penny Tour,2026-08-14,1,Arden Jones
roseland-theater,Paul Cauthen,2026-10-23,1,Leon Majcen
roseland-theater,Periphery – A Pale White Dot US Tour,2026-11-05,1,Ne Obliviscaris
roseland-theater,Periphery – A Pale White Dot US Tour,2026-11-05,2,Greyhaven
roseland-theater,Periphery – A Pale White Dot US Tour,2026-11-05,3,Ando San
roseland-theater,Poppy,2026-08-03,1,Landmvrks
roseland-theater,Poppy,2026-08-03,2,Thousand Below
roseland-theater,Pouya – The Forever Glades Tour,2026-10-25,1,Ramirez
roseland-theater,Pouya – The Forever Glades Tour,2026-10-25,2,Fat Nick
roseland-theater,Pouya – The Forever Glades Tour,2026-10-25,3,Black Smurf
roseland-theater,Pouya – The Forever Glades Tour,2026-10-25,4,comehelpglo
roseland-theater,REVOLVER PRESENTS: THORNHILL: The Mercia Tour,2026-05-29,1,156/Silence
roseland-theater,REVOLVER PRESENTS: THORNHILL: The Mercia Tour,2026-05-29,2,Fox Lake
roseland-theater,REVOLVER PRESENTS: THORNHILL: The Mercia Tour,2026-05-29,3,Vianova
roseland-theater,Rival Sons – Domestic Bliss Tour,2026-11-01,1,The Blue Stones
roseland-theater,Rival Sons – Domestic Bliss Tour,2026-11-01,2,The Velveteers
roseland-theater,Saosin: 20 Years of Self-Titled,2026-11-25,1,Silent Planet
roseland-theater,Saosin: 20 Years of Self-Titled,2026-11-25,2,Like Moths To Flames
roseland-theater,Saosin: 20 Years of Self-Titled,2026-11-25,3,Save Us
roseland-theater,Starbomb: Probably The Only Tour Ever,2026-09-10,1,Epic Rap Battles of History
roseland-theater,State Champs,2026-11-17,1,Cartel
roseland-theater,State Champs,2026-11-17,2,Taylor Acorn
roseland-theater,Testament – Thrash of The Titans,2026-03-14,1,Overkill
roseland-theater,Testament – Thrash of The Titans,2026-03-14,2,Destruction
roseland-theater,The Garden,2026-04-05,1,Ghost Mountain
roseland-theater,The Sword & Red Fang,2026-08-22,1,Spoon Benders
roseland-theater,Toadies: The Charmer Tour,2026-06-10,1,Local H
roseland-theater,Toadies: The Charmer Tour,2026-06-10,2,Sparta
roseland-theater,Uncle Acid & The Deadbeats – North America '26,2026-09-25,1,Messa
roseland-theater,Whitechapel,2026-03-30,1,I Declare War
roseland-theater,Whitechapel,2026-03-30,2,Misery Whip
roseland-theater,Whitechapel,2026-03-30,3,Earth Eater
show-bar,Bay Faction - Year of the Dog Tour,2026-04-12,1,NUFFER
show-bar,HighSchool,2026-03-17,1,Touching Ice
show-bar,Marissa Nadler,2026-03-25,1,Anand Wilder
show-bar,Matt Pryor,2026-03-06,1,MAITA (solo)
show-bar,Matt Pryor,2026-03-06,2,Small Uncle
show-bar,Radium Dolls,2026-03-26,1,Carson Daniel
the-get-down,Goldie Boutilier,2026-03-28,1,Syd Taylor
wonder-ballroom,3QUENCY – GIRLS TALK TOUR,2026-07-07,1,Lucy & DJ Gab Wright
wonder-ballroom,Black Marble,2026-08-29,1,The Serfs and Jimmy
wonder-ballroom,Donny Benet,2026-03-20,1,With Schaus
wonder-ballroom,Dry Cleaning,2026-05-17,1,With guest Hotline TNT
wonder-ballroom,Eagles of Death Metal – Death By Sexy Anniversary Tour,2026-08-27,1,Paradise Vultures
wonder-ballroom,FCUKERS,2026-04-10,1,with RIP Magic
wonder-ballroom,GLAIVE – GOD SAVE THE THREE TOUR,2026-10-14,1,Tiffany Day and Kurtains
wonder-ballroom,Haute & Freddy's Big Disgrace Tour,2026-09-12,1,Rubin Brothers
wonder-ballroom,Have A Nice Life,2026-07-10,1,Rhododendron and Bosse-de-Nage
wonder-ballroom,JENSEN MCRAE – God Has A Hitman Tour,2026-04-30,1,With guest Marie Dresselhuis
wonder-ballroom,Kishi Bashi: Sonderlust 10th Anniversary Tour,2026-10-09,1,Geographer
wonder-ballroom,Langhorne Slim: The Dreamin' Kind Tour,2026-04-24,1,With guest Laney Jones and the Spirits
wonder-ballroom,MICO: Running From A Feeling Tour,2026-10-11,1,Will Linley
wonder-ballroom,Mind Enterprises,2026-04-02,1,DJ Tasty T
wonder-ballroom,Mindchatter: Giving Up On Words Tour,2026-03-05,1,NASAYA
wonder-ballroom,Patrick Watson – Uh Oh Tour,2026-04-28,1,With guest La Force
wonder-ballroom,Public Image Ltd – This Is Not The Last Tour,2026-09-14,1,Plague Vendor
wonder-ballroom,Ruel – Kicking My Feet Tour,2026-03-30,1,With Mercer Henderson and Chelsea Jordan
wonder-ballroom,Sarah Kinsley,2026-03-28,1,with girlpuppy
wonder-ballroom,Searows – Death in the Business of Whaling,2026-06-27,1,with Mori
wonder-ballroom,Searows – Death in the Business of Whaling,2026-06-28,1,with Mori
wonder-ballroom,SiM – HOOMAN WORLD TOUR,2026-10-18,1,Zero 9:36
wonder-ballroom,THE EARLY NOVEMBER & HELLOGOODBYE: 20 Years Young,2026-03-29,1,With guest The Dangerous Summer (Acoustic)
wonder-ballroom,THURSDAY presents FULL CITY DEVOLUCION,2026-04-15,1,with Chris Conley
wonder-ballroom,The Brook & The Bluff: The Werewolf Tour,2026-04-27,1,With guest Ethan Tasch
wonder-ballroom,The Crane Wives – ACT II,2026-06-18,1,with Yasmin Williams
wonder-ballroom,The Crane Wives – ACT II,2026-06-19,1,with Yasmin Williams
wonder-ballroom,The Red Pears and Together Pangea,2026-05-01,1,With The High Curbs
wonder-ballroom,Vandelux,2026-04-04,1,Rio Kosta
wonder-ballroom,Willow Avalon – Pink Pocket Pistol Tour,2026-07-30,1,Audrey McGraw and Slater Nalley
wonder-ballroom,Yellow Days: Rock And A Hard Place Tour,2026-03-31,1,Rue Jacobs
wonder-ballroom,Yot Club – Simpleton Tour,2026-05-31,1,with Renny Conti
wonder-ballroom,hemlocke springs: the apple tree under the sea tour,2026-05-22,1,with The Girl!
wonder-ballroom,"yung kai: stay with the ocean, i'll find you tour",2026-03-14,1,Breezee
